BirdID,Status,SexEstimate,BreedGroupID,NestWatchID,WatchDate,Month,Year,StartTime,Behaviour,ProvisioningVisit,ObsDuration,Age,TerritoryID,TQ,TQcorrected,ClutchSize,BroodSize,NoFledglings,WatchType,NestNumber,Island,FieldPeriodID,Accurate,HelperNumber,AdditionalBirds,GroupSize
3456,BrM,1,5065,780,08/08/2010,8,2010,09:35,Feeding_Offspring,4,60,2247,407,43677.56,43677.56,1,1,1,F,1,CN,104,TRUE,0,0,2
3569,BrF,0,5065,780,08/08/2010,8,2010,09:35,Feeding_Offspring,15,60,1823,407,43677.56,43677.56,1,1,1,F,1,CN,104,TRUE,0,0,2
1824,BrF,0,4983,781,08/08/2010,8,2010,15:38,Feeding_Offspring,16,60,2555,36,30493.11,30493.11,1,1,1,F,1,CN,104,TRUE,0,0,2
5220,BrM,1,4983,781,08/08/2010,8,2010,15:38,Feeding_Offspring,13,60,864,36,30493.11,30493.11,1,1,1,F,1,CN,104,TRUE,0,0,2
1611,BrM,1,4980,782,09/08/2010,8,2010,10:25,Feeding_Offspring,7,60,3682,32,15532.47,15532.47,1,1,1,FI,1,CN,104,TRUE,0,0,2
3497,BrF,0,4980,782,09/08/2010,8,2010,10:25,Feeding_Offspring,5,60,1968,32,15532.47,15532.47,1,1,1,FI,1,CN,104,TRUE,0,0,2
2959,BrF,0,4996,783,09/08/2010,8,2010,11:39,Feeding_Offspring,8,60,2633,57,15927.87,15927.87,1,1,1,F,1,CN,104,TRUE,0,0,2
5321,BrM,1,4996,783,09/08/2010,8,2010,11:39,Feeding_Offspring,14,60,509,57,15927.87,15927.87,1,1,1,F,1,CN,104,TRUE,0,0,2
1580,BrF,0,5030,784,11/08/2010,8,2010,14:08,Feeding_Offspring,13,60,3719,109,10870.87,10870.87,1,1,1,F,1,CN,104,TRUE,0,0,2
3643,BrM,1,5030,784,11/08/2010,8,2010,14:08,Feeding_Offspring,19,60,1778,109,10870.87,10870.87,1,1,1,F,1,CN,104,TRUE,0,0,2
2989,BrF,0,5010,785,11/08/2010,8,2010,16:00,Feeding_Offspring,6,60,2348,75,11237.17,11237.17,1,1,1,FI,1,CN,104,TRUE,0,1,3
4887,BrM,1,5010,785,11/08/2010,8,2010,16:00,Feeding_Offspring,11,60,1467,75,11237.17,11237.17,1,1,1,FI,1,CN,104,TRUE,0,1,3
3595,BrF,0,5020,787,18/08/2010,8,2010,10:00,Feeding_Offspring,10,60,1813,90,11017.2,11017.2,1,1,1,FI,1,CN,104,TRUE,1,0,3
5292,BrM,1,5020,787,18/08/2010,8,2010,10:00,Feeding_Offspring,30,60,633,90,11017.2,11017.2,1,1,1,FI,1,CN,104,TRUE,1,0,3
3590,BrF,0,5066,788,19/08/2010,8,2010,14:59,Feeding_Offspring,20,60,1826,478,3504.19,3504.19,1,1,0,FI,1,CN,104,TRUE,0,1,3
4854,BrM,1,5066,788,19/08/2010,8,2010,14:59,Feeding_Offspring,7,60,1569,478,3504.19,3504.19,1,1,0,FI,1,CN,104,TRUE,0,1,3
1415,BrF,0,4984,789,19/08/2010,8,2010,16:05,Feeding_Offspring,12,60,4381,39,10357.31,10357.31,2,2,2,F,1,CN,104,TRUE,0,0,2
4890,BrM,1,4984,789,19/08/2010,8,2010,16:05,Feeding_Offspring,13,60,1466,39,10357.31,10357.31,2,2,2,F,1,CN,104,TRUE,0,0,2
1604,BrM,1,5015,790,24/08/2010,8,2010,13:30,Feeding_Offspring,18,60,3579,83,24896.54,24896.54,1,1,1,F,2,CN,104,TRUE,0,0,2
3567,BrF,0,5015,790,24/08/2010,8,2010,13:30,Feeding_Offspring,11,60,2071,83,24896.54,24896.54,1,1,1,F,2,CN,104,TRUE,0,0,2
1763,BrF,0,4960,792,25/08/2010,8,2010,09:54,Feeding_Offspring,7,60,3000,3,45688.32,45688.32,1,1,1,FI,1,CN,104,TRUE,1,0,3
5204,BrM,1,4960,792,25/08/2010,8,2010,09:54,Feeding_Offspring,12,60,828,3,45688.32,45688.32,1,1,1,FI,1,CN,104,TRUE,1,0,3
4935,BrF,0,5024,793,25/08/2010,8,2010,11:22,Feeding_Offspring,4,60,1455,96,10020.84,10020.84,1,1,1,FI,1,CN,104,TRUE,1,1,4
4948,BrM,1,5024,793,25/08/2010,8,2010,11:22,Feeding_Offspring,4,60,1412,96,10020.84,10020.84,1,1,1,FI,1,CN,104,TRUE,1,1,4
1752,BrM,1,4989,794,26/08/2010,8,2010,10:15,Feeding_Offspring,8,60,2930,47,53869.96,53869.96,1,1,1,FI,2,CN,104,TRUE,1,1,4
1765,BrF,0,4989,794,26/08/2010,8,2010,10:15,Feeding_Offspring,7,60,2999,47,53869.96,53869.96,1,1,1,FI,2,CN,104,TRUE,1,1,4
1494,BrM,1,5047,795,31/08/2010,8,2010,11:50,Feeding_Offspring,6,60,4053,140,18853.6,18853.6,1,1,1,F,1,CN,104,TRUE,0,0,2
1617,BrF,0,5047,795,31/08/2010,8,2010,11:50,Feeding_Offspring,7,60,3691,140,18853.6,18853.6,1,1,1,F,1,CN,104,TRUE,0,0,2
4872,BrM,1,5023,796,01/09/2010,9,2010,10:10,Feeding_Offspring,11,60,1585,95,13304.39,13304.39,1,1,0,F,1,CN,104,TRUE,0,2,4
4960,BrF,0,5023,796,01/09/2010,9,2010,10:10,Feeding_Offspring,22,60,1414,95,13304.39,13304.39,1,1,0,F,1,CN,104,TRUE,0,2,4
1707,BrF,0,5069,813,04/08/2010,8,2010,15:20,Feeding_Offspring,11,60,3150,477,10787.55,10787.55,1,1,1,F,2,CN,104,TRUE,2,0,4
1710,BrM,1,5069,813,04/08/2010,8,2010,15:20,Feeding_Offspring,5,60,2997,477,10787.55,10787.55,1,1,1,F,2,CN,104,TRUE,2,0,4
1868,BrM,1,4988,814,05/08/2010,8,2010,14:50,Feeding_Offspring,9,60,2553,46,20869.11,20869.11,1,1,1,FI,1,CN,104,TRUE,0,1,3
4973,BrF,0,4988,814,05/08/2010,8,2010,14:50,Feeding_Offspring,18,60,1348,46,20869.11,20869.11,1,1,1,FI,1,CN,104,TRUE,0,1,3
1607,BrM,1,4968,816,09/08/2010,8,2010,09:44,Feeding_Offspring,14,60,3333,13,36751.61,36751.61,1,1,1,FI,1,CN,104,TRUE,1,1,4
4964,BrF,0,4968,816,09/08/2010,8,2010,09:44,Feeding_Offspring,11,60,1389,13,36751.61,36751.61,1,1,1,FI,1,CN,104,TRUE,1,1,4
1827,BrF,0,5000,817,09/08/2010,8,2010,11:00,Feeding_Offspring,17,60,2785,61,16505.09,16505.09,1,1,1,F,1,CN,104,TRUE,0,0,2
4934,BrM,1,5000,817,09/08/2010,8,2010,11:00,Feeding_Offspring,11,60,1431,61,16505.09,16505.09,1,1,1,F,1,CN,104,TRUE,0,0,2
1707,BrF,0,5069,818,11/08/2010,8,2010,15:10,Feeding_Offspring,10,60,3157,477,10787.55,10787.55,1,1,1,F,2,CN,104,TRUE,2,0,4
1710,BrM,1,5069,818,11/08/2010,8,2010,15:10,Feeding_Offspring,13,60,3004,477,10787.55,10787.55,1,1,1,F,2,CN,104,TRUE,2,0,4
1744,BrM,1,4999,819,14/08/2010,8,2010,12:10,Feeding_Offspring,11,60,3257,60,13703.43,13703.43,1,1,1,F,1,CN,104,TRUE,0,0,2
3453,BrF,0,4999,819,14/08/2010,8,2010,12:10,Feeding_Offspring,12,60,2129,60,13703.43,13703.43,1,1,1,F,1,CN,104,TRUE,0,0,2
1731,BrM,1,5033,820,16/08/2010,8,2010,11:50,Feeding_Offspring,6,60,2948,112,17455.03,17455.03,1,1,1,F,1,CN,104,TRUE,0,1,3
3444,BrF,0,5033,820,16/08/2010,8,2010,11:50,Feeding_Offspring,7,60,2052,112,17455.03,17455.03,1,1,1,F,1,CN,104,TRUE,0,1,3
4961,BrF,0,5070,821,18/08/2010,8,2010,11:40,Feeding_Offspring,6,60,1400,481,19284.36,19284.36,1,1,1,FI,1,CN,104,TRUE,1,0,3
5167,BrM,1,5070,821,18/08/2010,8,2010,11:40,Feeding_Offspring,4,60,1030,481,19284.36,19284.36,1,1,1,FI,1,CN,104,TRUE,1,0,3
1187,BrM,1,4962,822,19/08/2010,8,2010,15:50,Feeding_Offspring,7,60,5025,5,32515.83,32515.83,1,1,1,FI,1,CN,104,TRUE,1,0,3
5155,BrF,0,4962,822,19/08/2010,8,2010,15:50,Feeding_Offspring,12,60,1077,5,32515.83,32515.83,1,1,1,FI,1,CN,104,TRUE,1,0,3
1762,BrM,1,4970,823,19/08/2010,8,2010,16:05,Feeding_Offspring,12,60,2870,15,40723.25,40723.25,1,1,1,FI,1,CN,104,TRUE,0,0,2
4863,BrF,0,4970,823,19/08/2010,8,2010,16:05,Feeding_Offspring,8,60,1584,15,40723.25,40723.25,1,1,1,FI,1,CN,104,TRUE,0,0,2
2960,BrM,1,4959,825,11/08/2010,8,2010,14:05,Feeding_Offspring,7,60,2510,2,17769.98,17769.98,1,1,1,F,1,CN,104,TRUE,0,1,3
5267,BrF,0,4959,825,11/08/2010,8,2010,14:05,Feeding_Offspring,6,60,965,2,17769.98,17769.98,1,1,1,F,1,CN,104,TRUE,0,1,3
4868,BrF,0,5043,826,26/08/2010,8,2010,10:30,Feeding_Offspring,26,60,1588,134,12011.76,12011.76,1,1,0,F,1,CN,104,TRUE,0,1,3
1616,BrM,1,5040,827,27/08/2010,8,2010,13:30,Feeding_Offspring,4,60,3567,127,11302.76,11302.76,1,1,1,F,2,CN,104,TRUE,1,0,3
5323,BrF,0,5040,827,27/08/2010,8,2010,13:30,Feeding_Offspring,8,60,545,127,11302.76,11302.76,1,1,1,F,2,CN,104,TRUE,1,0,3
1029,BrM,1,4987,828,27/08/2010,8,2010,14:40,Feeding_Offspring,11,60,5180,43,25237.18,25237.18,1,1,1,FI,2,CN,104,TRUE,0,2,4
5320,BrF,0,4987,828,27/08/2010,8,2010,14:40,Feeding_Offspring,8,60,796,43,25237.18,25237.18,1,1,1,FI,2,CN,104,TRUE,0,2,4
1029,BrM,1,4987,829,31/08/2010,8,2010,12:00,Feeding_Offspring,13,60,5184,43,25237.18,25237.18,1,1,1,FI,2,CN,104,TRUE,0,2,4
5320,BrF,0,4987,829,31/08/2010,8,2010,12:00,Feeding_Offspring,15,60,800,43,25237.18,25237.18,1,1,1,FI,2,CN,104,TRUE,0,2,4
1869,BrM,1,5048,830,01/09/2010,9,2010,11:15,Feeding_Offspring,15,60,2582,154,9998.07,9998.07,1,1,1,FI,1,CN,104,TRUE,0,1,3
5324,BrF,0,5048,830,01/09/2010,9,2010,11:15,Feeding_Offspring,7,60,550,154,9998.07,9998.07,1,1,1,FI,1,CN,104,TRUE,0,1,3
2966,BrM,1,4975,832,03/09/2010,9,2010,12:00,Feeding_Offspring,14,60,2381,24,35976.54,35976.54,1,1,0,FI,2,CN,104,TRUE,0,0,2
5164,BrF,0,4975,832,03/09/2010,9,2010,12:00,Feeding_Offspring,6,60,1049,24,35976.54,35976.54,1,1,0,FI,2,CN,104,TRUE,0,0,2
1881,BrM,1,5006,833,06/09/2010,9,2010,08:30,Feeding_Offspring,7,60,2572,70,30174.06,30174.06,1,1,0,F,3,CN,104,TRUE,0,0,2
5224,BrF,0,5006,833,06/09/2010,9,2010,08:30,Feeding_Offspring,11,60,832,70,30174.06,30174.06,1,1,0,F,3,CN,104,TRUE,0,0,2
1801,BrM,1,5046,834,06/09/2010,9,2010,10:00,Feeding_Offspring,12,60,2825,138,13895.69,13895.69,1,1,0,FI,2,CN,104,TRUE,1,0,3
3451,BrF,0,5046,834,06/09/2010,9,2010,10:00,Feeding_Offspring,10,60,1972,138,13895.69,13895.69,1,1,0,FI,2,CN,104,TRUE,1,0,3
1869,BrM,1,5048,835,06/09/2010,9,2010,11:26,Feeding_Offspring,22,60,2587,154,9998.07,9998.07,1,1,1,FI,1,CN,104,TRUE,0,1,3
5324,BrF,0,5048,835,06/09/2010,9,2010,11:26,Feeding_Offspring,10,60,555,154,9998.07,9998.07,1,1,1,FI,1,CN,104,TRUE,0,1,3
1499,BrM,1,4965,838,26/08/2010,8,2010,08:02,Feeding_Offspring,9,60,4032,9,25305.22,25305.22,1,1,1,F,2,CN,104,TRUE,0,1,3
1826,BrF,0,4965,838,26/08/2010,8,2010,08:02,Feeding_Offspring,10,60,2574,9,25305.22,25305.22,1,1,1,F,2,CN,104,TRUE,0,1,3
5168,BrF,0,5009,839,26/08/2010,8,2010,10:06,Feeding_Offspring,6,60,1038,74,13877.7,13877.7,1,1,1,FI,1,CN,104,TRUE,1,0,3
2988,BrM,1,4969,840,06/09/2010,9,2010,08:46,Feeding_Offspring,7,60,2374,14,17585.28,17585.28,1,1,0,F,2,CN,104,TRUE,0,0,2
5284,BrF,0,4969,840,06/09/2010,9,2010,08:46,Feeding_Offspring,15,60,666,14,17585.28,17585.28,1,1,0,F,2,CN,104,TRUE,0,0,2
1716,BrF,0,5083,849,06/08/2011,8,2011,08:08,Feeding_Offspring,16,60,3304,173,27315.92,27315.92,1,1,1,F,1,CN,105,TRUE,0,1,3
4892,BrM,1,5083,849,06/08/2011,8,2011,08:08,Feeding_Offspring,13,60,1818,173,27315.92,27315.92,1,1,1,F,1,CN,105,TRUE,0,1,3
5321,BrM,1,5084,850,06/08/2011,8,2011,16:13,Feeding_Offspring,14,60,871,57,47704.53,47704.53,1,1,1,F,1,CN,105,TRUE,0,0,2
5514,BrF,0,5084,850,06/08/2011,8,2011,16:13,Feeding_Offspring,16,60,631,57,47704.53,47704.53,1,1,1,F,1,CN,105,TRUE,0,0,2
4861,BrF,0,5081,852,07/08/2011,8,2011,16:20,Feeding_Offspring,10,60,1850,159,21570.51,21570.51,1,1,1,F,1,CN,105,TRUE,2,1,5
5116,BrM,1,5081,852,07/08/2011,8,2011,16:20,Feeding_Offspring,11,60,1696,159,21570.51,21570.51,1,1,1,F,1,CN,105,TRUE,2,1,5
2960,BrM,1,5087,862,17/08/2011,8,2011,08:13,Feeding_Offspring,10,60,2881,2,73533.58,73533.58,1,1,1,FI,1,CN,105,TRUE,1,1,4
5267,BrF,0,5087,862,17/08/2011,8,2011,08:13,Feeding_Offspring,11,60,1336,2,73533.58,73533.58,1,1,1,FI,1,CN,105,TRUE,1,1,4
2966,BrM,1,5097,866,24/08/2011,8,2011,16:16,Feeding_Offspring,12,60,2736,24,67143.48,67143.48,1,1,1,F,1,CN,105,TRUE,0,0,2
5164,BrF,0,5097,866,24/08/2011,8,2011,16:16,Feeding_Offspring,9,60,1404,24,67143.48,67143.48,1,1,1,F,1,CN,105,TRUE,0,0,2
4917,BrF,0,5123,867,26/08/2011,8,2011,14:23,Feeding_Offspring,16,60,1820,71,47765.05,47765.05,1,1,1,F,2,CN,105,TRUE,1,0,3
5144,BrM,1,5123,867,26/08/2011,8,2011,14:23,Feeding_Offspring,10,60,1460,71,47765.05,47765.05,1,1,1,F,2,CN,105,TRUE,1,0,3
1415,BrF,0,5085,868,27/08/2011,8,2011,13:36,Feeding_Offspring,5,60,4754,39,42700.42,42700.42,1,1,1,F,1,CN,105,TRUE,0,0,2
4890,BrM,1,5085,868,27/08/2011,8,2011,13:36,Feeding_Offspring,4,60,1839,39,42700.42,42700.42,1,1,1,F,1,CN,105,TRUE,0,0,2
1604,BrM,1,5131,869,27/08/2011,8,2011,15:28,Feeding_Offspring,7,60,3947,83,43888.08,43888.08,1,1,1,FI,1,CN,105,TRUE,0,1,3
3567,BrF,0,5131,869,27/08/2011,8,2011,15:28,Feeding_Offspring,4,60,2439,83,43888.08,43888.08,1,1,1,FI,1,CN,105,TRUE,0,1,3
1765,BrF,0,5109,871,29/08/2011,8,2011,15:35,Feeding_Offspring,7,60,3367,47,42565.27,42565.27,1,1,1,F,2,CN,105,TRUE,2,0,4
5513,BrM,1,5109,871,29/08/2011,8,2011,15:35,Feeding_Offspring,11,60,654,47,42565.27,42565.27,1,1,1,F,2,CN,105,TRUE,2,0,4
5337,BrF,0,5121,872,03/09/2011,9,2011,15:07,Feeding_Offspring,7,60,843,68,20777.74,20777.74,1,1,1,F,2,CN,105,TRUE,1,0,3
5508,BrM,1,5121,872,03/09/2011,9,2011,15:07,Feeding_Offspring,5,60,657,68,20777.74,20777.74,1,1,1,F,2,CN,105,TRUE,1,0,3
3606,BrF,0,5143,873,05/09/2011,9,2011,15:38,Feeding_Offspring,5,60,2211,100,11847.21,11847.21,1,1,1,F,2,CN,105,TRUE,0,2,4
5497,BrM,1,5143,873,05/09/2011,9,2011,15:38,Feeding_Offspring,6,60,678,100,11847.21,11847.21,1,1,1,F,2,CN,105,TRUE,0,2,4
1580,BrF,0,5146,874,17/09/2011,9,2011,11:34,Feeding_Offspring,4,60,4121,109,61737.4,61737.4,1,1,1,F,2,CN,105,TRUE,0,0,2
3643,BrM,1,5146,874,17/09/2011,9,2011,11:34,Feeding_Offspring,8,60,2180,109,61737.4,61737.4,1,1,1,F,2,CN,105,TRUE,0,0,2
2968,BrF,0,5115,885,29/07/2011,7,2011,09:30,Feeding_Offspring,12,60,2857,55,22859.86,22859.86,1,1,1,F,1,CN,105,TRUE,1,0,3
5240,BrM,1,5115,885,29/07/2011,7,2011,09:30,Feeding_Offspring,14,60,1212,55,22859.86,22859.86,1,1,1,F,1,CN,105,TRUE,1,0,3
1678,BrF,0,5157,888,06/08/2011,8,2011,08:45,Feeding_Offspring,4,60,3303,129,32354.71,32354.71,1,1,1,FI,1,CN,105,TRUE,1,0,3
5291,BrM,1,5157,888,06/08/2011,8,2011,08:45,Feeding_Offspring,4,60,1017,129,32354.71,32354.71,1,1,1,FI,1,CN,105,TRUE,1,0,3
1707,BrF,0,5180,889,06/08/2011,8,2011,10:15,Feeding_Offspring,2,60,3517,477,21921.26,21921.26,1,1,1,FI,1,CN,105,TRUE,2,0,4
5334,BrM,1,5124,891,07/08/2011,8,2011,14:45,Feeding_Offspring,6,60,868,72,50296.6,50296.6,1,1,1,F,1,CN,105,TRUE,1,0,3
5452,BrF,0,5124,891,07/08/2011,8,2011,14:45,Feeding_Offspring,13,60,782,72,50296.6,50296.6,1,1,1,F,1,CN,105,TRUE,1,0,3
3497,BrF,0,5102,894,09/08/2011,8,2011,15:50,Feeding_Offspring,5,60,2333,32,56076.72,56076.72,1,1,1,FI,2,CN,105,TRUE,0,0,2
1869,BrM,1,5163,895,10/08/2011,8,2011,14:00,Feeding_Offspring,11,60,2925,154,8035.33,8035.33,1,1,1,F,1,CN,105,TRUE,1,0,3
5324,BrF,0,5163,895,10/08/2011,8,2011,14:00,Feeding_Offspring,6,60,893,154,8035.33,8035.33,1,1,1,F,1,CN,105,TRUE,1,0,3
5216,BrF,0,5136,898,15/08/2011,8,2011,08:00,Feeding_Offspring,6,60,1357,90,38520.51,38520.51,1,1,1,F,1,CN,105,TRUE,1,0,3
5292,BrM,1,5136,898,15/08/2011,8,2011,08:00,Feeding_Offspring,4,60,995,90,38520.51,38520.51,1,1,1,F,1,CN,105,TRUE,1,0,3
1616,BrM,1,5155,900,17/08/2011,8,2011,10:00,Feeding_Offspring,12,75,3922,127,37525.65,37525.65,2,2,0,F,1,CN,105,TRUE,2,0,4
5323,BrF,0,5155,900,17/08/2011,8,2011,10:00,Feeding_Offspring,10,75,900,127,37525.65,37525.65,2,2,0,F,1,CN,105,TRUE,2,0,4
1605,BrF,0,5080,901,19/08/2011,8,2011,11:23,Feeding_Offspring,6,60,3938,8,127327.12,127327.12,1,1,1,F,2,CN,105,TRUE,1,1,4
5620,BrM,1,5080,901,19/08/2011,8,2011,11:23,Feeding_Offspring,6,60,290,8,127327.12,127327.12,1,1,1,F,2,CN,105,TRUE,1,1,4
1801,BrM,1,5161,904,27/08/2011,8,2011,13:27,Feeding_Offspring,17,60,3180,138,7623.16,7623.16,2,2,2,FI,1,CN,105,TRUE,1,0,3
3451,BrF,0,5161,904,27/08/2011,8,2011,13:27,Feeding_Offspring,16,60,2327,138,7623.16,7623.16,2,2,2,FI,1,CN,105,TRUE,1,0,3
1499,BrM,1,5089,906,29/08/2011,8,2011,16:00,Feeding_Offspring,7,60,4400,9,92085.58,92085.58,1,1,1,F,2,CN,105,TRUE,2,0,4
1826,BrF,0,5089,906,29/08/2011,8,2011,16:00,Feeding_Offspring,9,60,2942,9,92085.58,92085.58,1,1,1,F,2,CN,105,TRUE,2,0,4
1604,BrM,1,5131,907,30/08/2011,8,2011,15:03,Feeding_Offspring,4,60,3950,83,43888.08,43888.08,1,1,1,F,1,CN,105,TRUE,0,1,3
3567,BrF,0,5131,907,30/08/2011,8,2011,15:03,Feeding_Offspring,11,60,2442,83,43888.08,43888.08,1,1,1,F,1,CN,105,TRUE,0,1,3
5077,BrM,1,5172,908,17/09/2011,9,2011,11:30,Feeding_Offspring,7,60,1605,174,84681.69,84681.69,1,1,1,F,2,CN,105,TRUE,0,0,2
5162,BrF,0,5172,908,17/09/2011,9,2011,11:30,Feeding_Offspring,8,60,1706,174,84681.69,84681.69,1,1,1,F,2,CN,105,TRUE,0,0,2
4933,BrM,1,5343,1028,31/07/2012,7,2012,11:05,Feeding_Offspring,10,60,2153,128,8239.75,8239.75,1,1,1,F,1,CN,116,TRUE,1,0,3
5277,BrF,0,5343,1028,31/07/2012,7,2012,11:05,Feeding_Offspring,11,60,1381,128,8239.75,8239.75,1,1,1,F,1,CN,116,TRUE,1,0,3
5323,BrF,0,5346,1034,20/08/2012,8,2012,10:50,Feeding_Offspring,18,60,1269,127,8418.94,8418.94,1,1,1,FI,1,CN,116,TRUE,1,0,3
5783,BrM,1,5346,1034,20/08/2012,8,2012,10:50,Feeding_Offspring,10,60,306,127,8418.94,8418.94,1,1,1,FI,1,CN,116,TRUE,1,0,3
5341,BrF,0,5358,1036,21/08/2012,8,2012,11:08,Feeding_Offspring,3,60,1342,126,11375.02,11375.02,1,1,0,FI,1,CN,116,TRUE,0,0,2
2960,BrM,1,5359,1038,20/08/2012,8,2012,06:50,Feeding_Offspring,10,60,3250,2,33263.49,33263.49,1,1,0,FI,2,CN,116,TRUE,1,2,5
5267,BrF,0,5359,1038,20/08/2012,8,2012,06:50,Feeding_Offspring,4,60,1705,2,33263.49,33263.49,1,1,0,FI,2,CN,116,TRUE,1,2,5
1763,BrF,0,5313,1040,21/08/2012,8,2012,07:38,Feeding_Offspring,4,60,3727,3,17139.23,17139.23,1,1,1,FI,2,CN,116,TRUE,1,0,3
5828,BrM,1,5313,1040,21/08/2012,8,2012,07:38,Feeding_Offspring,7,60,310,3,17139.23,17139.23,1,1,1,FI,2,CN,116,TRUE,1,0,3
4947,BrM,1,5310,1042,23/08/2012,8,2012,07:38,Feeding_Offspring,11,60,2142,81,9612.39,9612.39,1,1,0,F,1,CN,116,TRUE,0,0,2
5537,BrF,0,5310,1042,23/08/2012,8,2012,07:38,Feeding_Offspring,10,60,1002,81,9612.39,9612.39,1,1,0,F,1,CN,116,TRUE,0,0,2
3451,BrF,0,5330,1044,25/08/2012,8,2012,08:14,Feeding_Offspring,11,60,2691,138,9700.18,9700.18,1,1,0,F,1,CN,116,TRUE,1,0,3
1489,BrM,1,5362,1047,28/08/2012,8,2012,07:25,Feeding_Offspring,3,60,4778,118,13779.41,13779.41,2,2,0,FI,1,CN,116,TRUE,1,0,3
3698,BrF,0,5362,1047,28/08/2012,8,2012,07:25,Feeding_Offspring,5,60,2822,118,13779.41,13779.41,2,2,0,FI,1,CN,116,TRUE,1,0,3
1763,BrF,0,5313,1048,28/08/2012,8,2012,15:01,Feeding_Offspring,1,60,3734,3,17139.23,17139.23,1,1,1,F,2,CN,116,TRUE,1,0,3
5828,BrM,1,5313,1048,28/08/2012,8,2012,15:01,Feeding_Offspring,3,60,317,3,17139.23,17139.23,1,1,1,F,2,CN,116,TRUE,1,0,3
5513,BrM,1,5321,1050,29/08/2012,8,2012,11:07,Feeding_Offspring,2,60,1020,47,27365.83,27365.83,1,1,0,FI,1,CN,116,TRUE,1,1,4
3453,BrF,0,5355,1052,29/08/2012,8,2012,15:49,Feeding_Offspring,2,75,2875,60,13812.64,13812.64,1,1,1,FI,2,CN,116,TRUE,1,0,3
5523,BrM,1,5355,1052,29/08/2012,8,2012,15:49,Feeding_Offspring,6,75,1017,60,13812.64,13812.64,1,1,1,FI,2,CN,116,TRUE,1,0,3
1868,BrM,1,5336,1054,03/09/2012,9,2012,07:46,Feeding_Offspring,6,60,3313,46,18560.02,18560.02,1,1,1,FI,2,CN,116,TRUE,1,0,3
4973,BrF,0,5336,1054,03/09/2012,9,2012,07:46,Feeding_Offspring,3,60,2108,46,18560.02,18560.02,1,1,1,FI,2,CN,116,TRUE,1,0,3
5549,BrF,0,5338,1055,03/09/2012,9,2012,09:01,Feeding_Offspring,18,60,991,479,14325.46,14325.46,2,2,2,F,1,CN,116,TRUE,1,0,3
5612,BrM,1,5338,1055,03/09/2012,9,2012,09:01,Feeding_Offspring,12,60,664,479,14325.46,14325.46,2,2,2,F,1,CN,116,TRUE,1,0,3
3453,BrF,0,5355,1056,05/09/2012,9,2012,11:39,Feeding_Offspring,7,60,2882,60,13812.64,13812.64,1,1,1,F,2,CN,116,TRUE,1,0,3
1868,BrM,1,5336,1057,09/09/2012,9,2012,07:38,Feeding_Offspring,6,60,3319,46,18560.02,18560.02,1,1,1,F,2,CN,116,TRUE,1,0,3
4973,BrF,0,5336,1057,09/09/2012,9,2012,07:38,Feeding_Offspring,6,60,2114,46,18560.02,18560.02,1,1,1,F,2,CN,116,TRUE,1,0,3
5163,BrF,0,5339,1062,25/08/2012,8,2012,11:15,Feeding_Offspring,8,60,1923,30,3535.12,3535.12,1,1,0,F,2,CN,116,TRUE,1,0,3
5513,BrM,1,5321,1064,28/08/2012,8,2012,08:53,Feeding_Offspring,5,60,1019,47,27365.83,27365.83,1,1,0,F,1,CN,116,TRUE,1,1,4
5549,BrF,0,5338,1065,28/08/2012,8,2012,12:01,Feeding_Offspring,12,60,985,479,14325.46,14325.46,2,2,2,FI,1,CN,116,TRUE,1,0,3
5612,BrM,1,5338,1065,28/08/2012,8,2012,12:01,Feeding_Offspring,10,60,658,479,14325.46,14325.46,2,2,2,FI,1,CN,116,TRUE,1,0,3
4972,BrM,1,5350,1066,29/08/2012,8,2012,12:02,Feeding_Offspring,9,47,2133,67,13686.84,13686.84,1,1,1,FI,1,CN,116,TRUE,0,1,3
5195,BrF,0,5350,1066,29/08/2012,8,2012,12:02,Feeding_Offspring,12,47,1628,67,13686.84,13686.84,1,1,1,FI,1,CN,116,TRUE,0,1,3
1707,BrF,0,5366,1074,24/09/2012,9,2012,13:53,Feeding_Offspring,5,60,3932,477,27185.01,27185.01,1,1,0,FI,1,CN,116,TRUE,1,0,3
1710,BrM,1,5366,1074,24/09/2012,9,2012,13:53,Feeding_Offspring,5,60,3779,477,27185.01,27185.01,1,1,0,FI,1,CN,116,TRUE,1,0,3
1762,BrM,1,6115,1106,24/08/2013,8,2013,07:17,Feeding_Offspring,7,60,3971,15,33576.24,33576.24,2,2,0,FI,1,CN,122,TRUE,0,0,2
5657,BrF,0,6115,1106,24/08/2013,8,2013,07:17,Feeding_Offspring,4,60,732,15,33576.24,33576.24,2,2,0,FI,1,CN,122,TRUE,0,0,2
1857,BrF,0,6110,1111,24/08/2013,8,2013,09:27,Feeding_Offspring,6,60,3656,28,16756.54,16756.54,2,2,2,FI,1,CN,122,TRUE,1,0,3
5453,BrM,1,6110,1111,24/08/2013,8,2013,09:27,Feeding_Offspring,6,60,1480,28,16756.54,16756.54,2,2,2,FI,1,CN,122,TRUE,1,0,3
5513,BrM,1,6108,1112,25/08/2013,8,2013,07:29,Feeding_Offspring,15,60,1381,47,35281.02,35281.02,2,2,1,FI,1,CN,122,TRUE,3,0,5
1660,BrF,0,6104,1114,26/08/2013,8,2013,08:48,Feeding_Offspring,14,60,4179,8,46306.12,46306.12,1,1,1,F,1,CN,122,TRUE,1,0,3
5837,BrM,1,6104,1114,26/08/2013,8,2013,08:48,Feeding_Offspring,10,60,657,8,46306.12,46306.12,1,1,1,F,1,CN,122,TRUE,1,0,3
1857,BrF,0,6110,1115,27/08/2013,8,2013,07:35,Feeding_Offspring,1,62,3659,28,16756.54,16756.54,2,2,2,F,1,CN,122,TRUE,1,0,3
5453,BrM,1,6110,1115,27/08/2013,8,2013,07:35,Feeding_Offspring,7,62,1483,28,16756.54,16756.54,2,2,2,F,1,CN,122,TRUE,1,0,3
1826,BrF,0,6112,1116,27/08/2013,8,2013,09:00,Feeding_Offspring,8,60,3671,9,40174.39,40174.39,1,1,1,F,1,CN,122,TRUE,1,0,3
5780,BrM,1,6112,1116,27/08/2013,8,2013,09:00,Feeding_Offspring,8,60,625,9,40174.39,40174.39,1,1,1,F,1,CN,122,TRUE,1,0,3
4958,BrF,0,6109,1117,28/08/2013,8,2013,08:00,Feeding_Offspring,6,61,2478,77,13995.01,13995.01,1,1,1,FI,1,CN,122,TRUE,2,0,4
5626,BrM,1,6109,1117,28/08/2013,8,2013,08:00,Feeding_Offspring,12,61,1010,77,13995.01,13995.01,1,1,1,FI,1,CN,122,TRUE,2,0,4
5775,BrM,1,6114,1119,30/08/2013,8,2013,06:55,Feeding_Offspring,6,60,660,14,23202.81,23202.81,1,1,0,FI,1,CN,122,TRUE,0,1,3
5513,BrM,1,6108,1120,30/08/2013,8,2013,08:12,Feeding_Offspring,4,60,1386,47,35281.02,35281.02,2,2,1,F,1,CN,122,TRUE,3,0,5
5549,BrF,0,6135,1121,30/08/2013,8,2013,09:21,Feeding_Offspring,7,60,1352,479,59841.34,59841.34,1,1,1,F,1,CN,122,TRUE,0,2,4
5612,BrM,1,6135,1121,30/08/2013,8,2013,09:21,Feeding_Offspring,7,60,1025,479,59841.34,59841.34,1,1,1,F,1,CN,122,TRUE,0,2,4
4896,BrF,0,6133,1122,30/08/2013,8,2013,10:28,Feeding_Offspring,4,60,2572,48,40408.58,40408.58,1,1,1,F,1,CN,122,TRUE,0,0,2
5764,BrM,1,6133,1122,30/08/2013,8,2013,10:28,Feeding_Offspring,4,60,672,48,40408.58,40408.58,1,1,1,F,1,CN,122,TRUE,0,0,2
5836,BrM,1,6150,1123,31/08/2013,8,2013,07:40,Feeding_Offspring,2,60,797,172,8025.9,8025.9,1,1,0,FI,1,CN,122,TRUE,0,0,2
4947,BrM,1,6130,1124,31/08/2013,8,2013,09:03,Feeding_Offspring,1,65,2515,81,51226.06,51226.06,1,1,0,FI,1,CN,122,TRUE,0,0,2
5537,BrF,0,6130,1124,31/08/2013,8,2013,09:03,Feeding_Offspring,1,65,1375,81,51226.06,51226.06,1,1,0,FI,1,CN,122,TRUE,0,0,2
3087,BrM,1,6149,1126,30/08/2013,8,2013,10:10,Feeding_Offspring,3,60,3289,27,19338.92,19338.92,1,1,1,F,1,CN,122,TRUE,0,0,2
3490,BrF,0,6149,1126,30/08/2013,8,2013,10:10,Feeding_Offspring,8,60,3090,27,19338.92,19338.92,1,1,1,F,1,CN,122,TRUE,0,0,2
5235,BrM,1,6111,1130,01/09/2013,9,2013,08:39,Feeding_Offspring,9,60,1919,16,40569.05,40569.05,1,1,0,FI,1,CN,122,TRUE,0,0,2
5642,BrF,0,6111,1130,01/09/2013,9,2013,08:39,Feeding_Offspring,5,60,1003,16,40569.05,40569.05,1,1,0,FI,1,CN,122,TRUE,0,0,2
5456,BrM,1,6119,1134,04/09/2013,9,2013,09:27,Feeding_Offspring,3,60,1485,134,7309.51,7309.51,1,1,0,FI,1,CN,122,TRUE,0,0,2
5518,BrF,0,6119,1134,04/09/2013,9,2013,09:27,Feeding_Offspring,3,60,1399,134,7309.51,7309.51,1,1,0,FI,1,CN,122,TRUE,0,0,2
4947,BrM,1,6130,1135,05/09/2013,9,2013,07:44,Feeding_Offspring,2,60,2520,81,51226.06,51226.06,1,1,0,FI,1,CN,122,TRUE,0,0,2
5537,BrF,0,6130,1135,05/09/2013,9,2013,07:44,Feeding_Offspring,2,60,1380,81,51226.06,51226.06,1,1,0,FI,1,CN,122,TRUE,0,0,2
5683,BrF,0,6141,1144,06/09/2013,9,2013,09:50,Feeding_Offspring,3,60,1084,478,38704.22,38704.22,1,1,0,F,1,CN,122,TRUE,0,1,3
5774,BrM,1,6141,1144,06/09/2013,9,2013,09:50,Feeding_Offspring,3,60,667,478,38704.22,38704.22,1,1,0,F,1,CN,122,TRUE,0,1,3
5235,BrM,1,6111,1145,07/09/2013,9,2013,06:53,Feeding_Offspring,8,60,1925,16,40569.05,40569.05,1,1,0,F,1,CN,122,TRUE,0,0,2
5642,BrF,0,6111,1145,07/09/2013,9,2013,06:53,Feeding_Offspring,6,60,1009,16,40569.05,40569.05,1,1,0,F,1,CN,122,TRUE,0,0,2
5625,BrF,0,6128,1146,10/09/2013,9,2013,07:05,Feeding_Offspring,5,60,1033,112,25237.62,25237.62,1,1,1,F,1,CN,122,TRUE,0,0,2
5820,BrM,1,6128,1146,10/09/2013,9,2013,07:05,Feeding_Offspring,5,60,558,112,25237.62,25237.62,1,1,1,F,1,CN,122,TRUE,0,0,2
1852,BrF,0,6139,1158,21/09/2013,9,2013,10:39,Feeding_Offspring,1,60,3685,26,25776.1,25776.1,1,1,0,FI,1,CN,122,TRUE,1,0,3
5595,BrM,1,6139,1158,21/09/2013,9,2013,10:39,Feeding_Offspring,10,60,935,26,25776.1,25776.1,1,1,0,FI,1,CN,122,TRUE,1,0,3
2960,BrM,1,5359,1159,19/08/2012,8,2012,14:30,Feeding_Offspring,8,80,3249,2,33263.49,33263.49,1,1,0,FI,2,CN,116,TRUE,1,2,5
5267,BrF,0,5359,1159,19/08/2012,8,2012,14:30,Feeding_Offspring,5,80,1704,2,33263.49,33263.49,1,1,0,FI,2,CN,116,TRUE,1,2,5
3087,BrM,1,4977,1160,26/08/2010,8,2010,08:00,Feeding_Offspring,9,60,2189,27,23875.58,23875.58,1,1,0,F,2,CN,104,TRUE,1,0,3
3490,BrF,0,4977,1160,26/08/2010,8,2010,08:00,Feeding_Offspring,7,60,1990,27,23875.58,23875.58,1,1,0,F,2,CN,104,TRUE,1,0,3
5216,BrF,0,5136,1161,06/08/2011,8,2011,09:28,Feeding_Offspring,1,60,1348,90,38520.51,38520.51,1,1,1,FI,1,CN,105,TRUE,1,0,3
5292,BrM,1,5136,1161,06/08/2011,8,2011,09:28,Feeding_Offspring,4,60,986,90,38520.51,38520.51,1,1,1,FI,1,CN,105,TRUE,1,0,3
4957,BrM,1,6418,1222,05/02/2014,2,2014,10:43,Feeding_Offspring,15,60,2669,165,17842.41,17842.41,1,1,1,FI,1,CN,124,TRUE,0,1,3
5620,BrM,1,6428,1223,05/02/2014,2,2014,10:55,Feeding_Offspring,3,60,1191,481,33858.9,33858.9,1,1,1,F,1,CN,124,TRUE,1,0,3
5635,BrF,0,6428,1223,05/02/2014,2,2014,10:55,Feeding_Offspring,6,60,1147,481,33858.9,33858.9,1,1,1,F,1,CN,124,TRUE,1,0,3
5901,BrF,0,6431,1224,06/02/2014,2,2014,08:15,Feeding_Offspring,10,60,611,63,22289.58,22289.58,1,1,0,FI,1,CN,124,TRUE,0,2,4
1868,BrM,1,6430,1226,09/02/2014,2,2014,08:23,Feeding_Offspring,2,60,3837,46,22380.3,22380.3,1,1,1,F,1,CN,124,TRUE,0,1,3
4973,BrF,0,6430,1226,09/02/2014,2,2014,08:23,Feeding_Offspring,7,60,2632,46,22380.3,22380.3,1,1,1,F,1,CN,124,TRUE,0,1,3
5456,BrM,1,6415,1228,12/02/2014,2,2014,08:36,Feeding_Offspring,6,60,1646,134,13468.33,13468.33,1,1,1,FI,1,CN,124,TRUE,0,0,2
5518,BrF,0,6415,1228,12/02/2014,2,2014,08:36,Feeding_Offspring,4,60,1560,134,13468.33,13468.33,1,1,1,FI,1,CN,124,TRUE,0,0,2
1857,BrF,0,6438,1229,12/02/2014,2,2014,11:06,Feeding_Offspring,6,60,3828,28,10399.12,10399.12,2,2,2,FI,1,CN,124,TRUE,1,0,3
5453,BrM,1,6438,1229,12/02/2014,2,2014,11:06,Feeding_Offspring,1,60,1652,28,10399.12,10399.12,2,2,2,FI,1,CN,124,TRUE,1,0,3
1707,BrF,0,6420,1231,12/02/2014,2,2014,08:50,Feeding_Offspring,1,60,4438,477,47825.45,47825.45,1,1,0,FI,2,CN,124,TRUE,1,0,3
1710,BrM,1,6420,1231,12/02/2014,2,2014,08:50,Feeding_Offspring,4,60,4285,477,47825.45,47825.45,1,1,0,FI,2,CN,124,TRUE,1,0,3
2991,BrM,1,6442,1232,12/02/2014,2,2014,10:05,Feeding_Offspring,10,60,3729,179,35781.23,35781.23,1,1,1,F,1,CN,124,TRUE,0,0,2
5838,BrF,0,6442,1232,12/02/2014,2,2014,10:05,Feeding_Offspring,9,60,705,179,35781.23,35781.23,1,1,1,F,1,CN,124,TRUE,0,0,2
4957,BrM,1,6418,1234,13/02/2014,2,2014,08:07,Feeding_Offspring,3,60,2677,165,17842.41,17842.41,1,1,1,F,1,CN,124,TRUE,0,1,3
5634,BrF,0,6418,1234,13/02/2014,2,2014,08:07,Feeding_Offspring,7,60,1157,165,17842.41,17842.41,1,1,1,F,1,CN,124,TRUE,0,1,3
3567,BrF,0,6443,1236,13/02/2014,2,2014,08:20,Feeding_Offspring,8,60,3340,83,23026.35,23026.35,1,1,1,F,1,CN,124,TRUE,0,0,2
5822,BrM,1,6443,1236,13/02/2014,2,2014,08:20,Feeding_Offspring,5,60,652,83,23026.35,23026.35,1,1,1,F,1,CN,124,TRUE,0,0,2
4904,BrF,0,6444,1237,13/02/2014,2,2014,09:30,Feeding_Offspring,9,60,2734,88,43168.31,43168.31,1,1,1,F,1,CN,124,TRUE,0,0,2
5283,BrM,1,6444,1237,13/02/2014,2,2014,09:30,Feeding_Offspring,5,60,1842,88,43168.31,43168.31,1,1,1,F,1,CN,124,TRUE,0,0,2
1533,BrM,1,6447,1241,15/02/2014,2,2014,08:11,Feeding_Offspring,2,60,5282,99,11028.69,11028.69,1,1,0,FI,1,CN,124,TRUE,0,0,2
5851,BrF,0,6447,1241,15/02/2014,2,2014,08:11,Feeding_Offspring,3,60,568,99,11028.69,11028.69,1,1,0,FI,1,CN,124,TRUE,0,0,2
5625,BrF,0,6411,1242,14/02/2014,2,2014,08:15,Feeding_Offspring,2,60,1190,112,21388.76,21388.76,1,1,0,FI,1,CN,124,TRUE,1,0,3
5820,BrM,1,6411,1242,14/02/2014,2,2014,08:15,Feeding_Offspring,8,60,715,112,21388.76,21388.76,1,1,0,FI,1,CN,124,TRUE,1,0,3
1580,BrF,0,6445,1243,15/02/2014,2,2014,09:50,Feeding_Offspring,2,60,5003,109,16287.27,16287.27,1,1,0,F,1,CN,124,TRUE,0,0,2
3643,BrM,1,6445,1243,15/02/2014,2,2014,09:50,Feeding_Offspring,3,60,3062,109,16287.27,16287.27,1,1,0,F,1,CN,124,TRUE,0,0,2
5635,BrF,0,6428,1245,16/02/2014,2,2014,08:53,Feeding_Offspring,5,60,1158,481,33858.9,33858.9,1,1,1,FI,1,CN,124,TRUE,1,0,3
1826,BrF,0,6449,1246,16/02/2014,2,2014,10:02,Feeding_Offspring,5,60,3844,9,38118.08,38118.08,1,1,1,F,1,CN,124,TRUE,0,0,2
5780,BrM,1,6449,1246,16/02/2014,2,2014,10:02,Feeding_Offspring,1,60,798,9,38118.08,38118.08,1,1,1,F,1,CN,124,TRUE,0,0,2
1852,BrF,0,6450,1247,16/02/2014,2,2014,08:00,Feeding_Offspring,7,60,3833,26,28546.99,28546.99,1,1,0,FI,1,CN,124,TRUE,1,0,3
5595,BrM,1,6450,1247,16/02/2014,2,2014,08:00,Feeding_Offspring,4,60,1083,26,28546.99,28546.99,1,1,0,FI,1,CN,124,TRUE,1,0,3
4872,BrM,1,6414,1248,16/02/2014,2,2014,09:30,Feeding_Offspring,9,60,2849,95,47785.63,47785.63,1,1,0,FI,1,CN,124,TRUE,0,0,2
5608,BrF,0,6414,1248,16/02/2014,2,2014,09:30,Feeding_Offspring,11,60,1201,95,47785.63,47785.63,1,1,0,FI,1,CN,124,TRUE,0,0,2
5625,BrF,0,6411,1253,22/02/2014,2,2014,09:05,Feeding_Offspring,9,60,1198,112,21388.76,21388.76,1,1,0,FI,1,CN,124,TRUE,1,0,3
5820,BrM,1,6411,1253,22/02/2014,2,2014,09:05,Feeding_Offspring,7,60,723,112,21388.76,21388.76,1,1,0,FI,1,CN,124,TRUE,1,0,3
4872,BrM,1,6414,1254,24/02/2014,2,2014,08:15,Feeding_Offspring,8,60,2857,95,47785.63,47785.63,1,1,0,F,1,CN,124,TRUE,0,0,2
5608,BrF,0,6414,1254,24/02/2014,2,2014,08:15,Feeding_Offspring,11,60,1209,95,47785.63,47785.63,1,1,0,F,1,CN,124,TRUE,0,0,2
1852,BrF,0,6450,1255,25/02/2014,2,2014,08:30,Feeding_Offspring,7,60,3842,26,28546.99,28546.99,1,1,0,F,1,CN,124,TRUE,1,0,3
5595,BrM,1,6450,1255,25/02/2014,2,2014,08:30,Feeding_Offspring,9,60,1092,26,28546.99,28546.99,1,1,0,F,1,CN,124,TRUE,1,0,3
5132,BrF,0,6663,1337,25/06/2014,6,2014,08:11,Feeding_Offspring,4,60,2729,160,5038.41,5038.41,1,1,1,F,1,CN,125,TRUE,0,0,2
5498,BrM,1,6663,1337,25/06/2014,6,2014,08:11,Feeding_Offspring,2,60,1711,160,5038.41,5038.41,1,1,1,F,1,CN,125,TRUE,0,0,2
5549,BrF,0,6685,1342,17/07/2014,7,2014,08:06,Feeding_Offspring,2,60,1673,479,32451.94,32451.94,1,1,1,FI,1,CN,125,TRUE,0,0,2
5612,BrM,1,6685,1342,17/07/2014,7,2014,08:06,Feeding_Offspring,3,60,1346,479,32451.94,32451.94,1,1,1,FI,1,CN,125,TRUE,0,0,2
4965,BrF,0,6679,1349,02/08/2014,8,2014,09:15,Feeding_Offspring,7,60,2843,127,26702.26,26702.26,1,1,1,F,1,CN,125,TRUE,0,2,4
5643,BrM,1,6679,1349,02/08/2014,8,2014,09:15,Feeding_Offspring,4,60,1338,127,26702.26,26702.26,1,1,1,F,1,CN,125,TRUE,0,2,4
5549,BrF,0,6685,1365,27/07/2014,7,2014,07:43,Feeding_Offspring,18,60,1683,479,32451.94,32451.94,1,1,1,F,1,CN,125,TRUE,0,0,2
5612,BrM,1,6685,1365,27/07/2014,7,2014,07:43,Feeding_Offspring,7,60,1356,479,32451.94,32451.94,1,1,1,F,1,CN,125,TRUE,0,0,2
4890,BrM,1,6699,1373,22/08/2014,8,2014,07:49,Feeding_Offspring,4,60,2930,39,11329.79,11329.79,1,1,1,F,1,CN,125,TRUE,1,0,3
5766,BrF,0,6699,1373,22/08/2014,8,2014,07:49,Feeding_Offspring,8,60,1057,39,11329.79,11329.79,1,1,1,F,1,CN,125,TRUE,1,0,3
5545,BrF,0,6714,1375,20/08/2014,8,2014,10:34,Feeding_Offspring,2,63,1478,177,30176.88,30176.88,1,1,1,FI,2,CN,125,TRUE,1,0,3
5638,BrM,1,6714,1375,20/08/2014,8,2014,10:34,Feeding_Offspring,5,63,1192,177,30176.88,30176.88,1,1,1,FI,2,CN,125,TRUE,1,0,3
2991,BrM,1,6691,1378,18/08/2014,8,2014,11:21,Feeding_Offspring,10,63,3916,179,5764.64,5764.64,1,1,1,F,1,CN,125,TRUE,0,0,2
5838,BrF,0,6691,1378,18/08/2014,8,2014,11:21,Feeding_Offspring,7,63,892,179,5764.64,5764.64,1,1,1,F,1,CN,125,TRUE,0,0,2
1762,BrM,1,6735,1379,18/08/2014,8,2014,13:09,Feeding_Offspring,6,60,4330,15,56384.02,56384.02,2,2,2,FI,1,CN,125,TRUE,1,0,3
5657,BrF,0,6735,1379,18/08/2014,8,2014,13:09,Feeding_Offspring,4,60,1091,15,56384.02,56384.02,2,2,2,FI,1,CN,125,TRUE,1,0,3
4958,BrF,0,6700,1380,13/08/2014,8,2014,13:10,Feeding_Offspring,13,60,2828,77,10972.31,10972.31,1,1,1,F,1,CN,125,TRUE,2,0,4
5626,BrM,1,6700,1380,13/08/2014,8,2014,13:10,Feeding_Offspring,3,60,1360,77,10972.31,10972.31,1,1,1,F,1,CN,125,TRUE,2,0,4
4861,BrF,0,6713,1383,24/08/2014,8,2014,09:10,Feeding_Offspring,5,60,2963,159,28528.57,28528.57,1,1,1,FI,1,CN,125,TRUE,2,0,4
5583,BrM,1,6713,1383,24/08/2014,8,2014,09:10,Feeding_Offspring,11,60,1385,159,28528.57,28528.57,1,1,1,FI,1,CN,125,TRUE,2,0,4
1762,BrM,1,6735,1384,25/08/2014,8,2014,07:38,Feeding_Offspring,9,61,4337,15,56384.02,56384.02,2,2,2,F,1,CN,125,TRUE,1,0,3
5657,BrF,0,6735,1384,25/08/2014,8,2014,07:38,Feeding_Offspring,7,61,1098,15,56384.02,56384.02,2,2,2,F,1,CN,125,TRUE,1,0,3
4917,BrF,0,6697,1386,26/08/2014,8,2014,11:11,Feeding_Offspring,6,60,2916,71,8270.84,8270.84,2,2,2,FI,2,CN,125,TRUE,1,0,3
5847,BrM,1,6697,1386,26/08/2014,8,2014,11:11,Feeding_Offspring,5,60,1072,71,8270.84,8270.84,2,2,2,FI,2,CN,125,TRUE,1,0,3
4896,BrF,0,6729,1387,26/08/2014,8,2014,09:40,Feeding_Offspring,8,60,2933,48,23519.05,23519.05,1,1,1,FI,2,CN,125,TRUE,0,0,2
5764,BrM,1,6729,1387,26/08/2014,8,2014,09:40,Feeding_Offspring,9,60,1033,48,23519.05,23519.05,1,1,1,FI,2,CN,125,TRUE,0,0,2
4917,BrF,0,6697,1395,01/09/2014,9,2014,11:14,Feeding_Offspring,11,60,2922,71,8270.84,8270.84,2,2,2,F,2,CN,125,TRUE,1,0,3
5847,BrM,1,6697,1395,01/09/2014,9,2014,11:14,Feeding_Offspring,7,60,1078,71,8270.84,8270.84,2,2,2,F,2,CN,125,TRUE,1,0,3
1824,BrF,0,6733,1397,31/08/2014,8,2014,13:28,Feeding_Offspring,5,60,4039,605,8403.05,8403.05,1,1,0,FI,2,CN,125,TRUE,0,0,2
6024,BrM,1,6733,1397,31/08/2014,8,2014,13:28,Feeding_Offspring,11,60,640,605,8403.05,8403.05,1,1,0,FI,2,CN,125,TRUE,0,0,2
5128,BrF,0,6695,1398,29/08/2014,8,2014,15:10,Feeding_Offspring,4,70,2562,101,29969.26,29969.26,1,1,0,FI,2,CN,125,TRUE,1,0,3
5606,BrM,1,6695,1398,29/08/2014,8,2014,15:10,Feeding_Offspring,4,70,1390,101,29969.26,29969.26,1,1,0,FI,2,CN,125,TRUE,1,0,3
4861,BrF,0,6713,1399,30/08/2014,8,2014,11:37,Feeding_Offspring,5,70,2969,159,28528.57,28528.57,1,1,1,F,1,CN,125,TRUE,2,0,4
5583,BrM,1,6713,1399,30/08/2014,8,2014,11:37,Feeding_Offspring,9,70,1391,159,28528.57,28528.57,1,1,1,F,1,CN,125,TRUE,2,0,4
5625,BrF,0,6730,1400,27/08/2014,8,2014,14:05,Feeding_Offspring,8,60,1384,112,6565.39,6565.39,1,1,1,F,1,CN,125,TRUE,1,1,4
5820,BrM,1,6730,1400,27/08/2014,8,2014,14:05,Feeding_Offspring,3,60,909,112,6565.39,6565.39,1,1,1,F,1,CN,125,TRUE,1,1,4
4860,BrM,1,6687,1405,23/08/2014,8,2014,10:36,Feeding_Offspring,8,60,3026,480,8119.17,8119.17,1,1,0,F,1,CN,125,TRUE,1,0,3
5524,BrF,0,6687,1405,23/08/2014,8,2014,10:36,Feeding_Offspring,9,60,1741,480,8119.17,8119.17,1,1,0,F,1,CN,125,TRUE,1,0,3
2991,BrM,1,6691,1406,23/08/2014,8,2014,07:32,Feeding_Offspring,7,61,3921,179,5764.64,5764.64,1,1,1,F,1,CN,125,TRUE,0,0,2
5838,BrF,0,6691,1406,23/08/2014,8,2014,07:32,Feeding_Offspring,11,61,897,179,5764.64,5764.64,1,1,1,F,1,CN,125,TRUE,0,0,2
5597,BrF,0,6736,1407,23/08/2014,8,2014,08:39,Feeding_Offspring,12,60,1386,79,13363.9,13363.9,1,1,1,F,1,CN,125,TRUE,1,0,3
5602,BrM,1,6736,1407,23/08/2014,8,2014,08:39,Feeding_Offspring,5,60,1391,79,13363.9,13363.9,1,1,1,F,1,CN,125,TRUE,1,0,3
4965,BrF,0,6679,1412,25/07/2014,7,2014,09:22,Feeding_Offspring,6,60,2835,127,26702.26,26702.26,1,1,1,FI,1,CN,125,TRUE,0,2,4
5643,BrM,1,6679,1412,25/07/2014,7,2014,09:22,Feeding_Offspring,6,60,1330,127,26702.26,26702.26,1,1,1,FI,1,CN,125,TRUE,0,2,4
1716,BrF,0,6740,1414,27/07/2014,7,2014,09:15,Feeding_Offspring,11,60,4390,70,8423.36,8423.36,1,1,1,FI,1,CN,125,TRUE,0,0,2
1881,BrM,1,6740,1414,27/07/2014,7,2014,09:15,Feeding_Offspring,8,60,3992,70,8423.36,8423.36,1,1,1,FI,1,CN,125,TRUE,0,0,2
6014,BrM,1,6707,1422,31/07/2014,7,2014,14:04,Feeding_Offspring,10,60,620,59,40613.9,40613.9,1,1,1,F,1,CN,125,TRUE,0,0,2
6048,BrF,0,6707,1422,31/07/2014,7,2014,14:04,Feeding_Offspring,9,60,555,59,40613.9,40613.9,1,1,1,F,1,CN,125,TRUE,0,0,2
1750,BrM,1,6670,1432,10/08/2014,8,2014,14:39,Feeding_Offspring,5,60,4395,1,21998.27,21998.27,1,1,1,FI,1,CN,125,TRUE,1,0,3
6066,BrF,0,6670,1432,10/08/2014,8,2014,14:39,Feeding_Offspring,6,60,542,1,21998.27,21998.27,1,1,1,FI,1,CN,125,TRUE,1,0,3
4933,BrM,1,6690,1434,12/08/2014,8,2014,16:35,Feeding_Offspring,2,60,2895,128,36013.04,36013.04,1,1,1,FI,1,CN,125,TRUE,2,1,5
5277,BrF,0,6690,1434,12/08/2014,8,2014,16:35,Feeding_Offspring,9,60,2123,128,36013.04,36013.04,1,1,1,FI,1,CN,125,TRUE,2,1,5
4904,BrF,0,6762,1436,14/08/2014,8,2014,14:55,Feeding_Offspring,10,60,2916,88,3757.05,3757.05,1,1,1,F,1,CN,125,TRUE,0,0,2
5283,BrM,1,6762,1436,14/08/2014,8,2014,14:55,Feeding_Offspring,7,60,2024,88,3757.05,3757.05,1,1,1,F,1,CN,125,TRUE,0,0,2
1707,BrF,0,6671,1440,13/08/2014,8,2014,14:47,Feeding_Offspring,9,60,4620,477,11205.24,11205.24,1,1,1,F,2,CN,125,TRUE,2,0,4
1710,BrM,1,6671,1440,13/08/2014,8,2014,14:47,Feeding_Offspring,7,60,4467,477,11205.24,11205.24,1,1,1,F,2,CN,125,TRUE,2,0,4
4860,BrM,1,6687,1443,15/08/2014,8,2014,15:20,Feeding_Offspring,16,60,3018,480,8119.17,8119.17,1,1,0,FI,1,CN,125,TRUE,1,0,3
5524,BrF,0,6687,1443,15/08/2014,8,2014,15:20,Feeding_Offspring,12,60,1733,480,8119.17,8119.17,1,1,0,FI,1,CN,125,TRUE,1,0,3
1750,BrM,1,6670,1444,16/08/2014,8,2014,09:58,Feeding_Offspring,10,60,4401,1,21998.27,21998.27,1,1,1,F,1,CN,125,TRUE,1,0,3
6066,BrF,0,6670,1444,16/08/2014,8,2014,09:58,Feeding_Offspring,9,60,548,1,21998.27,21998.27,1,1,1,F,1,CN,125,TRUE,1,0,3
4890,BrM,1,6699,1445,16/08/2014,8,2014,11:05,Feeding_Offspring,3,60,2924,39,11329.79,11329.79,1,1,1,FI,1,CN,125,TRUE,1,0,3
5766,BrF,0,6699,1445,16/08/2014,8,2014,11:05,Feeding_Offspring,6,60,1051,39,11329.79,11329.79,1,1,1,FI,1,CN,125,TRUE,1,0,3
1707,BrF,0,6671,1449,20/08/2014,8,2014,09:50,Feeding_Offspring,7,60,4627,477,11205.24,11205.24,1,1,1,F,2,CN,125,TRUE,2,0,4
1710,BrM,1,6671,1449,20/08/2014,8,2014,09:50,Feeding_Offspring,4,60,4474,477,11205.24,11205.24,1,1,1,F,2,CN,125,TRUE,2,0,4
5249,BrM,1,6674,1450,20/08/2014,8,2014,11:38,Feeding_Offspring,4,60,2446,94,35771.71,35771.71,1,1,1,FI,2,CN,125,TRUE,2,0,4
5845,BrF,0,6674,1450,20/08/2014,8,2014,11:38,Feeding_Offspring,6,60,1069,94,35771.71,35771.71,1,1,1,FI,2,CN,125,TRUE,2,0,4
4896,BrF,0,6729,1451,20/08/2014,8,2014,15:04,Feeding_Offspring,7,60,2927,48,23519.05,23519.05,1,1,1,F,2,CN,125,TRUE,0,0,2
5764,BrM,1,6729,1451,20/08/2014,8,2014,15:04,Feeding_Offspring,10,60,1027,48,23519.05,23519.05,1,1,1,F,2,CN,125,TRUE,0,0,2
3456,BrM,1,6731,1452,22/08/2014,8,2014,10:24,Feeding_Offspring,4,60,3722,407,16962.71,16962.71,1,1,1,F,1,CN,125,TRUE,1,0,3
6028,BrF,0,6731,1452,22/08/2014,8,2014,10:24,Feeding_Offspring,12,60,623,407,16962.71,16962.71,1,1,1,F,1,CN,125,TRUE,1,0,3
3086,BrF,0,6662,1455,25/08/2014,8,2014,10:42,Feeding_Offspring,6,60,3593,3,37213.31,37213.31,1,1,1,FI,2,CN,125,TRUE,1,0,3
5829,BrM,1,6662,1455,25/08/2014,8,2014,10:42,Feeding_Offspring,8,60,864,3,37213.31,37213.31,1,1,1,FI,2,CN,125,TRUE,1,0,3
1762,BrM,1,6735,1459,27/08/2014,8,2014,08:30,Feeding_Offspring,7,60,4339,15,56384.02,56384.02,2,2,2,F,1,CN,125,TRUE,1,0,3
5657,BrF,0,6735,1459,27/08/2014,8,2014,08:30,Feeding_Offspring,13,60,1100,15,56384.02,56384.02,2,2,2,F,1,CN,125,TRUE,1,0,3
3094,BrF,0,6753,1461,29/08/2014,8,2014,14:24,Feeding_Offspring,1,60,3645,53,25004.97,25004.97,1,1,1,FI,1,CN,125,TRUE,0,0,2
5855,BrM,1,6753,1461,29/08/2014,8,2014,14:24,Feeding_Offspring,5,60,735,53,25004.97,25004.97,1,1,1,FI,1,CN,125,TRUE,0,0,2
3608,BrF,0,6673,1462,29/08/2014,8,2014,15:28,Feeding_Offspring,3,60,3285,50,8650.36,8650.36,1,1,0,FI,2,CN,125,TRUE,1,0,3
5834,BrM,1,6673,1462,29/08/2014,8,2014,15:28,Feeding_Offspring,4,60,924,50,8650.36,8650.36,1,1,0,FI,2,CN,125,TRUE,1,0,3
5641,BrF,0,6710,1463,30/08/2014,8,2014,07:52,Feeding_Offspring,6,60,1247,55,22336.21,22336.21,1,1,0,F,1,CN,125,TRUE,1,0,3
5776,BrM,1,6710,1463,30/08/2014,8,2014,07:52,Feeding_Offspring,8,60,1174,55,22336.21,22336.21,1,1,0,F,1,CN,125,TRUE,1,0,3
5901,BrF,0,6661,1464,01/09/2014,9,2014,10:47,Feeding_Offspring,19,60,818,63,19724.07,19724.07,2,2,2,F,4,CN,125,TRUE,3,0,5
6019,BrM,1,6661,1464,01/09/2014,9,2014,10:47,Feeding_Offspring,5,60,645,63,19724.07,19724.07,2,2,2,F,4,CN,125,TRUE,3,0,5
5545,BrF,0,6714,1465,01/09/2014,9,2014,13:53,Feeding_Offspring,8,60,1490,177,30176.88,30176.88,1,1,1,F,2,CN,125,TRUE,1,0,3
5638,BrM,1,6714,1465,01/09/2014,9,2014,13:53,Feeding_Offspring,2,60,1204,177,30176.88,30176.88,1,1,1,F,2,CN,125,TRUE,1,0,3
5625,BrF,0,6730,1466,02/09/2014,9,2014,14:19,Feeding_Offspring,7,60,1390,112,6565.39,6565.39,1,1,1,F,1,CN,125,TRUE,1,1,4
5820,BrM,1,6730,1466,02/09/2014,9,2014,14:19,Feeding_Offspring,7,60,915,112,6565.39,6565.39,1,1,1,F,1,CN,125,TRUE,1,1,4
5620,BrM,1,6719,1467,02/09/2014,9,2014,16:08,Feeding_Offspring,9,60,1400,481,26887.43,26887.43,1,1,1,F,2,CN,125,TRUE,2,0,4
5635,BrF,0,6719,1467,02/09/2014,9,2014,16:08,Feeding_Offspring,12,60,1356,481,26887.43,26887.43,1,1,1,F,2,CN,125,TRUE,2,0,4
5825,BrF,0,6750,1468,03/09/2014,9,2014,10:53,Feeding_Offspring,17,60,931,33,5125.56,5125.56,1,1,1,FI,1,CN,125,TRUE,0,0,2
6027,BrM,1,6750,1468,03/09/2014,9,2014,10:53,Feeding_Offspring,6,60,636,33,5125.56,5125.56,1,1,1,FI,1,CN,125,TRUE,0,0,2
3094,BrF,0,6753,1470,04/09/2014,9,2014,14:32,Feeding_Offspring,8,60,3651,53,25004.97,25004.97,1,1,1,F,1,CN,125,TRUE,0,0,2
5855,BrM,1,6753,1470,04/09/2014,9,2014,14:32,Feeding_Offspring,9,60,741,53,25004.97,25004.97,1,1,1,F,1,CN,125,TRUE,0,0,2
5173,BrF,0,6681,1472,09/09/2014,9,2014,09:34,Feeding_Offspring,5,60,2655,129,11578.44,11578.44,1,1,0,FI,2,CN,125,TRUE,0,0,2
5904,BrM,1,6681,1472,09/09/2014,9,2014,09:34,Feeding_Offspring,12,60,702,129,11578.44,11578.44,1,1,0,FI,2,CN,125,TRUE,0,0,2
5833,BrF,0,6761,1473,09/09/2014,9,2014,11:02,Feeding_Offspring,4,60,1180,34,7947.84,7947.84,1,1,1,FI,1,CN,125,TRUE,1,0,3
5903,BrM,1,6761,1473,09/09/2014,9,2014,11:02,Feeding_Offspring,4,60,823,34,7947.84,7947.84,1,1,1,FI,1,CN,125,TRUE,1,0,3
5212,BrF,0,6763,1474,17/09/2014,9,2014,11:21,Feeding_Offspring,8,60,2307,111,7616.9,7616.9,1,1,0,F,1,CN,125,TRUE,2,0,4
5559,BrM,1,6763,1474,17/09/2014,9,2014,11:21,Feeding_Offspring,3,60,1716,111,7616.9,7616.9,1,1,0,F,1,CN,125,TRUE,2,0,4
2966,BrM,1,6664,1475,22/09/2014,9,2014,15:11,Feeding_Offspring,13,60,3861,24,15725.56,15725.56,1,1,1,F,2,CN,125,TRUE,0,0,2
5630,BrF,0,6664,1475,22/09/2014,9,2014,15:11,Feeding_Offspring,17,60,1270,24,15725.56,15725.56,1,1,1,F,2,CN,125,TRUE,0,0,2
4904,BrF,0,6762,1477,22/08/2014,8,2014,08:59,Feeding_Offspring,6,60,2924,88,3757.05,3757.05,1,1,1,F,1,CN,125,TRUE,0,0,2
5283,BrM,1,6762,1477,22/08/2014,8,2014,08:59,Feeding_Offspring,5,60,2032,88,3757.05,3757.05,1,1,1,F,1,CN,125,TRUE,0,0,2
5597,BrF,0,6736,1479,16/08/2014,8,2014,13:45,Feeding_Offspring,7,60,1379,79,13363.9,13363.9,1,1,1,FI,1,CN,125,TRUE,1,0,3
5602,BrM,1,6736,1479,16/08/2014,8,2014,13:45,Feeding_Offspring,9,60,1384,79,13363.9,13363.9,1,1,1,FI,1,CN,125,TRUE,1,0,3
4933,BrM,1,6690,1481,19/08/2014,8,2014,11:28,Feeding_Offspring,1,60,2902,128,36013.04,36013.04,1,1,1,F,1,CN,125,TRUE,2,1,5
5277,BrF,0,6690,1481,19/08/2014,8,2014,11:28,Feeding_Offspring,13,60,2130,128,36013.04,36013.04,1,1,1,F,1,CN,125,TRUE,2,1,5
4958,BrF,0,6700,1482,19/08/2014,8,2014,13:56,Feeding_Offspring,12,60,2834,77,10972.31,10972.31,1,1,1,F,1,CN,125,TRUE,2,0,4
5626,BrM,1,6700,1482,19/08/2014,8,2014,13:56,Feeding_Offspring,6,60,1366,77,10972.31,10972.31,1,1,1,F,1,CN,125,TRUE,2,0,4
1729,BrM,1,6741,1484,20/08/2014,8,2014,15:46,Feeding_Offspring,7,60,4736,20,19292.64,19292.64,1,1,1,FI,1,CN,125,TRUE,0,1,3
3085,BrF,0,6741,1484,20/08/2014,8,2014,15:46,Feeding_Offspring,5,60,3589,20,19292.64,19292.64,1,1,1,FI,1,CN,125,TRUE,0,1,3
5613,BrF,0,6712,1485,22/08/2014,8,2014,13:50,Feeding_Offspring,15,60,1512,58,27662.66,27662.66,1,1,1,F,1,CN,125,TRUE,0,0,2
5779,BrM,1,6712,1485,22/08/2014,8,2014,13:50,Feeding_Offspring,16,60,1291,58,27662.66,27662.66,1,1,1,F,1,CN,125,TRUE,0,0,2
5575,BrF,0,6701,1487,23/08/2014,8,2014,13:26,Feeding_Offspring,14,60,1465,75,6564.15,6564.15,1,1,1,F,1,CN,125,TRUE,1,0,3
6018,BrM,1,6701,1487,23/08/2014,8,2014,13:26,Feeding_Offspring,7,60,637,75,6564.15,6564.15,1,1,1,F,1,CN,125,TRUE,1,0,3
5641,BrF,0,6710,1488,25/08/2014,8,2014,09:49,Feeding_Offspring,3,60,1242,55,22336.21,22336.21,1,1,0,FI,1,CN,125,TRUE,1,0,3
5776,BrM,1,6710,1488,25/08/2014,8,2014,09:49,Feeding_Offspring,3,60,1169,55,22336.21,22336.21,1,1,0,FI,1,CN,125,TRUE,1,0,3
1729,BrM,1,6741,1489,25/08/2014,8,2014,11:01,Feeding_Offspring,13,60,4741,20,19292.64,19292.64,1,1,1,F,1,CN,125,TRUE,0,1,3
3085,BrF,0,6741,1489,25/08/2014,8,2014,11:01,Feeding_Offspring,8,60,3594,20,19292.64,19292.64,1,1,1,F,1,CN,125,TRUE,0,1,3
5901,BrF,0,6661,1490,25/08/2014,8,2014,13:27,Feeding_Offspring,4,60,811,63,19724.07,19724.07,2,2,2,FI,4,CN,125,TRUE,3,0,5
6019,BrM,1,6661,1490,25/08/2014,8,2014,13:27,Feeding_Offspring,8,60,638,63,19724.07,19724.07,2,2,2,FI,4,CN,125,TRUE,3,0,5
5249,BrM,1,6674,1492,26/08/2014,8,2014,14:05,Feeding_Offspring,6,60,2452,94,35771.71,35771.71,1,1,1,F,2,CN,125,TRUE,2,0,4
5845,BrF,0,6674,1492,26/08/2014,8,2014,14:05,Feeding_Offspring,8,60,1075,94,35771.71,35771.71,1,1,1,F,2,CN,125,TRUE,2,0,4
1489,BrM,1,6724,1493,27/08/2014,8,2014,07:44,Feeding_Offspring,4,60,5507,118,30145.77,30145.77,1,1,0,F,1,CN,125,TRUE,0,0,2
3698,BrF,0,6724,1493,27/08/2014,8,2014,07:44,Feeding_Offspring,11,60,3551,118,30145.77,30145.77,1,1,0,F,1,CN,125,TRUE,0,0,2
4890,BrM,1,6699,1494,27/08/2014,8,2014,14:50,Feeding_Offspring,2,60,2935,39,11329.79,11329.79,1,1,1,FI,1,CN,125,TRUE,1,0,3
5766,BrF,0,6699,1494,27/08/2014,8,2014,14:50,Feeding_Offspring,6,60,1062,39,11329.79,11329.79,1,1,1,FI,1,CN,125,TRUE,1,0,3
3456,BrM,1,6731,1496,29/08/2014,8,2014,14:12,Feeding_Offspring,6,60,3729,407,16962.71,16962.71,1,1,1,F,1,CN,125,TRUE,1,0,3
6028,BrF,0,6731,1496,29/08/2014,8,2014,14:12,Feeding_Offspring,12,60,630,407,16962.71,16962.71,1,1,1,F,1,CN,125,TRUE,1,0,3
5620,BrM,1,6719,1497,29/08/2014,8,2014,16:37,Feeding_Offspring,9,60,1396,481,26887.43,26887.43,1,1,1,F,2,CN,125,TRUE,2,0,4
5635,BrF,0,6719,1497,29/08/2014,8,2014,16:37,Feeding_Offspring,6,60,1352,481,26887.43,26887.43,1,1,1,F,2,CN,125,TRUE,2,0,4
5639,BrM,1,6718,1498,30/08/2014,8,2014,14:01,Feeding_Offspring,10,60,1201,123,5326.2,5326.2,1,1,1,F,1,CN,125,TRUE,0,0,2
5749,BrF,0,6718,1498,30/08/2014,8,2014,14:01,Feeding_Offspring,9,60,1125,123,5326.2,5326.2,1,1,1,F,1,CN,125,TRUE,0,0,2
5453,BrM,1,6751,1499,03/09/2014,9,2014,09:15,Feeding_Offspring,4,60,1855,28,9283.39,9283.39,2,2,0,FI,1,CN,125,TRUE,1,0,3
5843,BrF,0,6751,1499,03/09/2014,9,2014,09:15,Feeding_Offspring,6,60,962,28,9283.39,9283.39,2,2,0,FI,1,CN,125,TRUE,1,0,3
5128,BrF,0,6695,1500,03/09/2014,9,2014,14:44,Feeding_Offspring,8,60,2567,101,29969.26,29969.26,1,1,0,F,2,CN,125,TRUE,1,0,3
5606,BrM,1,6695,1500,03/09/2014,9,2014,14:44,Feeding_Offspring,9,60,1395,101,29969.26,29969.26,1,1,0,F,2,CN,125,TRUE,1,0,3
5582,BrM,1,6693,1501,04/09/2014,9,2014,09:24,Feeding_Offspring,7,60,1398,110,25417.39,25417.39,1,1,1,F,2,CN,125,TRUE,1,0,3
5598,BrF,0,6693,1501,04/09/2014,9,2014,09:24,Feeding_Offspring,10,60,1523,110,25417.39,25417.39,1,1,1,F,2,CN,125,TRUE,1,0,3
3608,BrF,0,6673,1503,04/09/2014,9,2014,14:33,Feeding_Offspring,11,60,3291,50,8650.36,8650.36,1,1,0,FI,2,CN,125,TRUE,1,0,3
5834,BrM,1,6673,1503,04/09/2014,9,2014,14:33,Feeding_Offspring,7,60,930,50,8650.36,8650.36,1,1,0,FI,2,CN,125,TRUE,1,0,3
4917,BrF,0,6697,1504,05/09/2014,9,2014,11:38,Feeding_Offspring,9,60,2926,71,8270.84,8270.84,2,2,2,F,2,CN,125,TRUE,1,0,3
5847,BrM,1,6697,1504,05/09/2014,9,2014,11:38,Feeding_Offspring,5,60,1082,71,8270.84,8270.84,2,2,2,F,2,CN,125,TRUE,1,0,3
1824,BrF,0,6733,1505,06/09/2014,9,2014,14:38,Feeding_Offspring,3,60,4045,605,8403.05,8403.05,1,1,0,F,2,CN,125,TRUE,0,0,2
6024,BrM,1,6733,1505,06/09/2014,9,2014,14:38,Feeding_Offspring,5,60,646,605,8403.05,8403.05,1,1,0,F,2,CN,125,TRUE,0,0,2
5453,BrM,1,6751,1506,09/09/2014,9,2014,10:06,Feeding_Offspring,8,60,1861,28,9283.39,9283.39,2,2,0,F,1,CN,125,TRUE,1,0,3
5843,BrF,0,6751,1506,09/09/2014,9,2014,10:06,Feeding_Offspring,6,60,968,28,9283.39,9283.39,2,2,0,F,1,CN,125,TRUE,1,0,3
5679,BrM,1,6738,1507,09/09/2014,9,2014,11:12,Feeding_Offspring,8,60,1332,36,14345.44,14345.44,1,1,1,FI,2,CN,125,TRUE,1,0,3
5769,BrF,0,6738,1507,09/09/2014,9,2014,11:12,Feeding_Offspring,8,60,1074,36,14345.44,14345.44,1,1,1,FI,2,CN,125,TRUE,1,0,3
5833,BrF,0,6761,1508,16/09/2014,9,2014,08:46,Feeding_Offspring,6,60,1187,34,7947.84,7947.84,1,1,1,F,1,CN,125,TRUE,1,0,3
5903,BrM,1,6761,1508,16/09/2014,9,2014,08:46,Feeding_Offspring,7,60,830,34,7947.84,7947.84,1,1,1,F,1,CN,125,TRUE,1,0,3
1868,BrM,1,6680,1509,30/09/2014,9,2014,07:14,Feeding_Offspring,5,60,4070,46,22826.23,22826.23,1,1,0,F,3,CN,125,TRUE,2,0,4
4973,BrF,0,6680,1509,30/09/2014,9,2014,07:14,Feeding_Offspring,12,60,2865,46,22826.23,22826.23,1,1,0,F,3,CN,125,TRUE,2,0,4
1489,BrM,1,6819,1512,19/02/2015,2,2015,11:06,Feeding_Offspring,4,60,5683,118,13279.91,13279.91,1,1,1,F,1,CN,139,TRUE,0,1,3
3698,BrF,0,6819,1512,19/02/2015,2,2015,11:06,Feeding_Offspring,7,60,3727,118,13279.91,13279.91,1,1,1,F,1,CN,139,TRUE,0,1,3
2974,BrM,1,6820,1513,19/02/2015,2,2015,15:43,Feeding_Offspring,5,60,4029,178,7910.7,7910.7,1,1,1,F,1,CN,139,TRUE,0,1,3
5511,BrF,0,6820,1513,19/02/2015,2,2015,15:43,Feeding_Offspring,14,60,1779,178,7910.7,7910.7,1,1,1,F,1,CN,139,TRUE,0,1,3
5545,BrF,0,6818,1514,18/02/2015,2,2015,10:12,Feeding_Offspring,3,60,1660,177,14845.15,14845.15,1,1,0,FI,1,CN,139,TRUE,0,1,3
5638,BrM,1,6818,1514,18/02/2015,2,2015,10:12,Feeding_Offspring,2,60,1374,177,14845.15,14845.15,1,1,0,FI,1,CN,139,TRUE,0,1,3
5321,BrM,1,6811,1515,21/02/2015,2,2015,10:12,Feeding_Offspring,5,60,2166,57,13149.84,13149.84,1,1,0,FI,1,CN,139,TRUE,1,2,5
5514,BrF,0,6811,1515,21/02/2015,2,2015,10:12,Feeding_Offspring,1,60,1926,57,13149.84,13149.84,1,1,0,FI,1,CN,139,TRUE,1,2,5
1489,BrM,1,6819,1516,21/02/2015,2,2015,08:37,Feeding_Offspring,4,60,5685,118,13279.91,13279.91,1,1,1,F,1,CN,139,TRUE,0,1,3
3698,BrF,0,6819,1516,21/02/2015,2,2015,08:37,Feeding_Offspring,6,60,3729,118,13279.91,13279.91,1,1,1,F,1,CN,139,TRUE,0,1,3
2974,BrM,1,6820,1517,21/02/2015,2,2015,10:29,Feeding_Offspring,1,60,4031,178,7910.7,7910.7,1,1,1,F,1,CN,139,TRUE,0,1,3
5511,BrF,0,6820,1517,21/02/2015,2,2015,10:29,Feeding_Offspring,4,60,1781,178,7910.7,7910.7,1,1,1,F,1,CN,139,TRUE,0,1,3
5321,BrM,1,6811,1518,24/02/2015,2,2015,15:23,Feeding_Offspring,8,60,2169,57,13149.84,13149.84,1,1,0,FI,1,CN,139,TRUE,1,2,5
5514,BrF,0,6811,1518,24/02/2015,2,2015,15:23,Feeding_Offspring,9,60,1929,57,13149.84,13149.84,1,1,0,FI,1,CN,139,TRUE,1,2,5
5321,BrM,1,6811,1519,25/02/2015,2,2015,08:10,Feeding_Offspring,8,60,2170,57,13149.84,13149.84,1,1,0,FI,1,CN,139,TRUE,1,2,5
5514,BrF,0,6811,1519,25/02/2015,2,2015,08:10,Feeding_Offspring,6,60,1930,57,13149.84,13149.84,1,1,0,FI,1,CN,139,TRUE,1,2,5
5321,BrM,1,7079,1525,13/07/2015,7,2015,14:30,Feeding_Offspring,4,60,2308,57,36610.51,36610.51,1,1,1,FI,1,CN,142,TRUE,1,0,3
5514,BrF,0,7079,1525,13/07/2015,7,2015,14:30,Feeding_Offspring,9,60,2068,57,36610.51,36610.51,1,1,1,FI,1,CN,142,TRUE,1,0,3
5589,BrF,0,7104,1531,24/07/2015,7,2015,10:07,Feeding_Offspring,9,60,1727,80,19299.59,19299.59,1,1,1,F,1,CN,142,TRUE,0,0,2
6157,BrM,1,7104,1531,24/07/2015,7,2015,10:07,Feeding_Offspring,6,60,629,80,19299.59,19299.59,1,1,1,F,1,CN,142,TRUE,0,0,2
1868,BrM,1,7078,1538,31/07/2015,7,2015,14:36,Feeding_Offspring,3,60,4374,46,22786.57,22786.57,1,1,0,FI,1,CN,142,TRUE,0,0,2
5611,BrF,0,7078,1538,31/07/2015,7,2015,14:36,Feeding_Offspring,3,60,1729,46,22786.57,22786.57,1,1,0,FI,1,CN,142,TRUE,0,0,2
1877,BrM,1,7093,1539,01/08/2015,8,2015,11:31,Feeding_Offspring,8,60,4329,125,15616.57,15616.57,1,1,1,FI,1,CN,142,TRUE,1,1,4
3596,BrF,0,7093,1539,01/08/2015,8,2015,11:31,Feeding_Offspring,5,60,3629,125,15616.57,15616.57,1,1,1,FI,1,CN,142,TRUE,1,1,4
1762,BrM,1,7057,1543,07/08/2015,8,2015,14:09,Feeding_Offspring,10,60,4684,15,50123.63,50123.63,1,1,1,FI,1,CN,142,TRUE,1,0,3
5657,BrF,0,7057,1543,07/08/2015,8,2015,14:09,Feeding_Offspring,6,60,1445,15,50123.63,50123.63,1,1,1,FI,1,CN,142,TRUE,1,0,3
3574,BrF,0,7042,1545,08/08/2015,8,2015,14:10,Feeding_Offspring,11,60,3643,137,4126.02,4126.02,1,1,1,F,1,CN,142,TRUE,0,0,2
5908,BrM,1,7042,1545,08/08/2015,8,2015,14:10,Feeding_Offspring,6,60,963,137,4126.02,4126.02,1,1,1,F,1,CN,142,TRUE,0,0,2
5543,BrF,0,7066,1549,13/08/2015,8,2015,10:09,Feeding_Offspring,4,60,1834,71,11191.37,11191.37,1,1,1,FI,4,CN,142,TRUE,1,0,3
6370,BrM,1,7066,1549,13/08/2015,8,2015,10:09,Feeding_Offspring,3,60,392,71,11191.37,11191.37,1,1,1,FI,4,CN,142,TRUE,1,0,3
5820,BrM,1,7053,1553,17/08/2015,8,2015,11:05,Feeding_Offspring,7,60,1264,112,6522.45,6522.45,1,1,1,FI,2,CN,142,TRUE,0,1,3
5909,BrF,0,7053,1553,17/08/2015,8,2015,11:05,Feeding_Offspring,5,60,1150,112,6522.45,6522.45,1,1,1,FI,2,CN,142,TRUE,0,1,3
5901,BrF,0,7122,1554,17/08/2015,8,2015,14:21,Feeding_Offspring,9,60,1168,63,25603.91,25603.91,2,1,1,F,1,CN,142,TRUE,1,3,6
6019,BrM,1,7122,1554,17/08/2015,8,2015,14:21,Feeding_Offspring,4,60,995,63,25603.91,25603.91,2,1,1,F,1,CN,142,TRUE,1,3,6
3087,BrM,1,7136,1555,18/08/2015,8,2015,14:03,Feeding_Offspring,12,60,4007,27,12925.15,12925.15,1,1,1,F,1,CN,142,TRUE,1,0,3
3490,BrF,0,7136,1555,18/08/2015,8,2015,14:03,Feeding_Offspring,12,60,3808,27,12925.15,12925.15,1,1,1,F,1,CN,142,TRUE,1,0,3
5522,BrM,1,7116,1557,20/08/2015,8,2015,10:51,Feeding_Offspring,8,60,2103,126,20642.5,20642.5,1,1,1,FI,1,CN,142,TRUE,0,1,3
6022,BrF,0,7116,1557,20/08/2015,8,2015,10:51,Feeding_Offspring,12,60,1122,126,20642.5,20642.5,1,1,1,FI,1,CN,142,TRUE,0,1,3
5820,BrM,1,7053,1559,24/08/2015,8,2015,10:12,Feeding_Offspring,6,60,1271,112,6522.45,6522.45,1,1,1,F,2,CN,142,TRUE,0,1,3
5909,BrF,0,7053,1559,24/08/2015,8,2015,10:12,Feeding_Offspring,5,60,1157,112,6522.45,6522.45,1,1,1,F,2,CN,142,TRUE,0,1,3
5845,BrF,0,7128,1561,25/08/2015,8,2015,15:45,Feeding_Offspring,6,60,1439,94,16110.97,16110.97,1,1,1,FI,2,CN,142,TRUE,1,0,3
6167,BrM,1,7128,1561,25/08/2015,8,2015,15:45,Feeding_Offspring,8,60,537,94,16110.97,16110.97,1,1,1,FI,2,CN,142,TRUE,1,0,3
5522,BrM,1,7116,1563,28/08/2015,8,2015,14:39,Feeding_Offspring,8,60,2111,126,20642.5,20642.5,1,1,1,F,1,CN,142,TRUE,0,1,3
6022,BrF,0,7116,1563,28/08/2015,8,2015,14:39,Feeding_Offspring,7,60,1130,126,20642.5,20642.5,1,1,1,F,1,CN,142,TRUE,0,1,3
5612,BrM,1,7047,1564,28/08/2015,8,2015,15:49,Feeding_Offspring,8,60,1753,479,30843.33,30843.33,1,1,1,FI,2,CN,142,TRUE,1,0,3
5212,BrF,0,7064,1565,31/08/2015,8,2015,09:39,Feeding_Offspring,7,60,2655,111,16565.28,16565.28,1,1,1,F,4,CN,142,TRUE,0,0,2
5559,BrM,1,7064,1565,31/08/2015,8,2015,09:39,Feeding_Offspring,11,60,2064,111,16565.28,16565.28,1,1,1,F,4,CN,142,TRUE,0,0,2
5613,BrF,0,7085,1566,04/09/2015,9,2015,10:55,Feeding_Offspring,5,60,1890,58,15086.23,15086.23,1,1,1,FI,2,CN,142,TRUE,2,0,4
5779,BrM,1,7085,1566,04/09/2015,9,2015,10:55,Feeding_Offspring,10,60,1669,58,15086.23,15086.23,1,1,1,FI,2,CN,142,TRUE,2,0,4
5547,BrM,1,7127,1567,04/09/2015,9,2015,14:37,Feeding_Offspring,16,60,1847,100,24080.3,24080.3,2,2,2,F,2,CN,142,TRUE,0,1,3
6061,BrF,0,7127,1567,04/09/2015,9,2015,14:37,Feeding_Offspring,20,60,947,100,24080.3,24080.3,2,2,2,F,2,CN,142,TRUE,0,1,3
5549,BrF,0,7047,1568,05/09/2015,9,2015,11:00,Feeding_Offspring,5,60,2088,479,30843.33,30843.33,1,1,1,F,2,CN,142,TRUE,1,0,3
5612,BrM,1,7047,1568,05/09/2015,9,2015,11:00,Feeding_Offspring,9,60,1761,479,30843.33,30843.33,1,1,1,F,2,CN,142,TRUE,1,0,3
4872,BrM,1,7138,1569,07/09/2015,9,2015,15:52,Feeding_Offspring,8,60,3417,95,11246.62,11246.62,1,1,1,F,2,CN,142,TRUE,0,1,3
6181,BrF,0,7138,1569,07/09/2015,9,2015,15:52,Feeding_Offspring,7,60,781,95,11246.62,11246.62,1,1,1,F,2,CN,142,TRUE,0,1,3
6139,BrF,0,7108,1571,12/09/2015,9,2015,11:03,Feeding_Offspring,2,60,566,39,10870.87,10870.87,1,1,0,F,3,CN,142,TRUE,0,0,2
6210,BrM,1,7108,1571,12/09/2015,9,2015,11:03,Feeding_Offspring,10,60,489,39,10870.87,10870.87,1,1,0,F,3,CN,142,TRUE,0,0,2
5634,BrF,0,7123,1572,14/09/2015,9,2015,07:49,Feeding_Offspring,11,60,1735,165,49792.99,49792.99,1,1,1,F,3,CN,142,TRUE,0,2,4
6379,BrM,1,7123,1572,14/09/2015,9,2015,07:49,Feeding_Offspring,7,60,400,165,49792.99,49792.99,1,1,1,F,3,CN,142,TRUE,0,2,4
1826,BrF,0,7052,1573,15/09/2015,9,2015,07:54,Feeding_Offspring,11,60,4420,9,18275.82,18275.82,1,1,0,F,4,CN,142,TRUE,0,0,2
3087,BrM,1,7136,1585,12/08/2015,8,2015,15:04,Feeding_Offspring,2,60,4001,27,12925.15,12925.15,1,1,1,FI,1,CN,142,TRUE,1,0,3
3490,BrF,0,7136,1585,12/08/2015,8,2015,15:04,Feeding_Offspring,4,60,3802,27,12925.15,12925.15,1,1,1,FI,1,CN,142,TRUE,1,0,3
5589,BrF,0,7104,1590,30/07/2015,7,2015,08:30,Feeding_Offspring,8,60,1733,80,19299.59,19299.59,1,1,1,F,1,CN,142,TRUE,0,0,2
6157,BrM,1,7104,1590,30/07/2015,7,2015,08:30,Feeding_Offspring,5,60,635,80,19299.59,19299.59,1,1,1,F,1,CN,142,TRUE,0,0,2
5613,BrF,0,7085,1593,05/09/2015,9,2015,14:51,Feeding_Offspring,6,60,1891,58,15086.23,15086.23,1,1,1,F,2,CN,142,TRUE,2,0,4
5779,BrM,1,7085,1593,05/09/2015,9,2015,14:51,Feeding_Offspring,7,60,1670,58,15086.23,15086.23,1,1,1,F,2,CN,142,TRUE,2,0,4
6036,BrF,0,7088,1594,09/08/2015,8,2015,15:05,Feeding_Offspring,3,60,955,618,14045.88,14045.88,1,1,1,F,1,CN,142,TRUE,1,0,3
6163,BrM,1,7088,1594,09/08/2015,8,2015,15:05,Feeding_Offspring,6,60,642,618,14045.88,14045.88,1,1,1,F,1,CN,142,TRUE,1,0,3
6044,BrF,0,7076,1595,12/08/2015,8,2015,14:48,Feeding_Offspring,13,60,819,85,18966.46,18966.46,1,1,1,F,1,CN,142,TRUE,0,0,2
6222,BrM,1,7076,1595,12/08/2015,8,2015,14:48,Feeding_Offspring,6,60,562,85,18966.46,18966.46,1,1,1,F,1,CN,142,TRUE,0,0,2
1762,BrM,1,7057,1597,13/08/2015,8,2015,10:33,Feeding_Offspring,4,60,4690,15,50123.63,50123.63,1,1,1,F,1,CN,142,TRUE,1,0,3
5657,BrF,0,7057,1597,13/08/2015,8,2015,10:33,Feeding_Offspring,8,60,1451,15,50123.63,50123.63,1,1,1,F,1,CN,142,TRUE,1,0,3
5521,BrF,0,7098,1599,14/08/2015,8,2015,11:24,Feeding_Offspring,4,60,2105,96,5895.99,5895.99,1,1,1,F,1,CN,142,TRUE,1,0,3
6218,BrM,1,7098,1599,14/08/2015,8,2015,11:24,Feeding_Offspring,9,60,445,96,5895.99,5895.99,1,1,1,F,1,CN,142,TRUE,1,0,3
6036,BrF,0,7088,1601,15/08/2015,8,2015,11:30,Feeding_Offspring,3,60,961,618,14045.88,14045.88,1,1,1,F,1,CN,142,TRUE,1,0,3
6163,BrM,1,7088,1601,15/08/2015,8,2015,11:30,Feeding_Offspring,9,60,648,618,14045.88,14045.88,1,1,1,F,1,CN,142,TRUE,1,0,3
5543,BrF,0,7066,1605,20/08/2015,8,2015,07:24,Feeding_Offspring,1,60,1841,71,11191.37,11191.37,1,1,1,F,4,CN,142,TRUE,1,0,3
6370,BrM,1,7066,1605,20/08/2015,8,2015,07:24,Feeding_Offspring,8,60,399,71,11191.37,11191.37,1,1,1,F,4,CN,142,TRUE,1,0,3
5521,BrF,0,7098,1606,21/08/2015,8,2015,07:17,Feeding_Offspring,9,60,2112,96,5895.99,5895.99,1,1,1,FI,1,CN,142,TRUE,1,0,3
6218,BrM,1,7098,1606,21/08/2015,8,2015,07:17,Feeding_Offspring,12,60,452,96,5895.99,5895.99,1,1,1,FI,1,CN,142,TRUE,1,0,3
5283,BrM,1,7103,1607,24/08/2015,8,2015,16:19,Feeding_Offspring,17,60,2399,88,15914.67,15914.67,2,2,2,F,1,CN,142,TRUE,0,0,2
6182,BrF,0,7103,1607,24/08/2015,8,2015,16:19,Feeding_Offspring,11,60,522,88,15914.67,15914.67,2,2,2,F,1,CN,142,TRUE,0,0,2
5547,BrM,1,7127,1608,28/08/2015,8,2015,15:12,Feeding_Offspring,11,60,1840,100,24080.3,24080.3,2,2,2,FI,2,CN,142,TRUE,0,1,3
5644,BrF,0,7115,1610,05/09/2015,9,2015,09:46,Feeding_Offspring,3,60,1587,128,21086.79,21086.79,1,1,0,FI,2,CN,142,TRUE,1,0,3
6169,BrF,0,7111,1612,09/09/2015,9,2015,15:00,Feeding_Offspring,1,39,547,101,21021.68,21021.68,1,1,0,FI,3,CN,142,TRUE,0,1,3
5825,BrF,0,7113,1613,10/09/2015,9,2015,09:27,Feeding_Offspring,9,60,1303,168,18815.8,18815.8,1,1,1,F,1,CN,142,TRUE,0,0,2
6172,BrM,1,7113,1613,10/09/2015,9,2015,09:27,Feeding_Offspring,8,60,547,168,18815.8,18815.8,1,1,1,F,1,CN,142,TRUE,0,0,2
5853,BrM,1,7054,1614,11/09/2015,9,2015,15:37,Feeding_Offspring,11,60,1139,616,1969.34,1969.34,1,1,1,FI,3,CN,142,TRUE,0,1,3
6034,BrF,0,7054,1614,11/09/2015,9,2015,15:37,Feeding_Offspring,13,60,1002,616,1969.34,1969.34,1,1,1,FI,3,CN,142,TRUE,0,1,3
5641,BrF,0,7124,1615,12/09/2015,9,2015,14:54,Feeding_Offspring,5,60,1625,55,40915.61,40915.61,1,1,0,FI,2,CN,142,TRUE,0,0,2
5776,BrM,1,7124,1615,12/09/2015,9,2015,14:54,Feeding_Offspring,6,60,1552,55,40915.61,40915.61,1,1,0,FI,2,CN,142,TRUE,0,0,2
5853,BrM,1,7054,1616,18/09/2015,9,2015,10:51,Feeding_Offspring,12,60,1146,616,1969.34,1969.34,1,1,1,F,3,CN,142,TRUE,0,1,3
6034,BrF,0,7054,1616,18/09/2015,9,2015,10:51,Feeding_Offspring,11,60,1009,616,1969.34,1969.34,1,1,1,F,3,CN,142,TRUE,0,1,3
5321,BrM,1,7079,1619,23/07/2015,7,2015,09:02,Feeding_Offspring,4,60,2318,57,36610.51,36610.51,1,1,1,F,1,CN,142,TRUE,1,0,3
5514,BrF,0,7079,1619,23/07/2015,7,2015,09:02,Feeding_Offspring,3,60,2078,57,36610.51,36610.51,1,1,1,F,1,CN,142,TRUE,1,0,3
3451,BrF,0,7094,1620,24/07/2015,7,2015,11:45,Feeding_Offspring,5,60,3754,138,25006.95,25006.95,1,1,1,F,1,CN,142,TRUE,1,0,3
6196,BrM,1,7094,1620,24/07/2015,7,2015,11:45,Feeding_Offspring,8,60,577,138,25006.95,25006.95,1,1,1,F,1,CN,142,TRUE,1,0,3
1877,BrM,1,7093,1621,26/07/2015,7,2015,15:00,Feeding_Offspring,8,60,4323,125,15616.57,15616.57,1,1,1,FI,1,CN,142,TRUE,1,1,4
3596,BrF,0,7093,1621,26/07/2015,7,2015,15:00,Feeding_Offspring,5,60,3623,125,15616.57,15616.57,1,1,1,FI,1,CN,142,TRUE,1,1,4
6036,BrF,0,7088,1625,17/08/2015,8,2015,14:25,Feeding_Offspring,9,60,963,618,14045.88,14045.88,1,1,1,F,1,CN,142,TRUE,1,0,3
6163,BrM,1,7088,1625,17/08/2015,8,2015,14:25,Feeding_Offspring,9,60,650,618,14045.88,14045.88,1,1,1,F,1,CN,142,TRUE,1,0,3
3085,BrF,0,7070,1626,21/08/2015,8,2015,11:30,Feeding_Offspring,12,60,3955,20,17583.78,17583.78,2,2,2,F,1,CN,142,TRUE,0,0,2
6045,BrM,1,7070,1626,21/08/2015,8,2015,11:30,Feeding_Offspring,7,60,826,20,17583.78,17583.78,2,2,2,F,1,CN,142,TRUE,0,0,2
5901,BrF,0,7122,1627,23/08/2015,8,2015,12:12,Feeding_Offspring,10,60,1174,63,25603.91,25603.91,2,1,1,F,1,CN,142,TRUE,1,3,6
6019,BrM,1,7122,1627,23/08/2015,8,2015,12:12,Feeding_Offspring,4,60,1001,63,25603.91,25603.91,2,1,1,F,1,CN,142,TRUE,1,3,6
5845,BrF,0,7128,1632,31/08/2015,8,2015,11:02,Feeding_Offspring,10,60,1445,94,16110.97,16110.97,1,1,1,F,2,CN,142,TRUE,1,0,3
6167,BrM,1,7128,1632,31/08/2015,8,2015,11:02,Feeding_Offspring,10,60,543,94,16110.97,16110.97,1,1,1,F,2,CN,142,TRUE,1,0,3
5321,BrM,1,7079,1633,31/08/2015,8,2015,15:24,Feeding_Offspring,6,60,2357,57,36610.51,36610.51,1,1,1,FI,2,CN,142,TRUE,1,0,3
5514,BrF,0,7079,1633,31/08/2015,8,2015,15:24,Feeding_Offspring,5,60,2117,57,36610.51,36610.51,1,1,1,FI,2,CN,142,TRUE,1,0,3
4872,BrM,1,7138,1634,01/09/2015,9,2015,15:25,Feeding_Offspring,12,60,3411,95,11246.62,11246.62,1,1,1,FI,2,CN,142,TRUE,0,1,3
6181,BrF,0,7138,1634,01/09/2015,9,2015,15:25,Feeding_Offspring,3,60,775,95,11246.62,11246.62,1,1,1,FI,2,CN,142,TRUE,0,1,3
5212,BrF,0,7064,1636,04/09/2015,9,2015,15:10,Feeding_Offspring,4,60,2659,111,16565.28,16565.28,1,1,1,F,4,CN,142,TRUE,0,0,2
5559,BrM,1,7064,1636,04/09/2015,9,2015,15:10,Feeding_Offspring,7,60,2068,111,16565.28,16565.28,1,1,1,F,4,CN,142,TRUE,0,0,2
5634,BrF,0,7123,1638,08/09/2015,9,2015,07:54,Feeding_Offspring,2,60,1729,165,49792.99,49792.99,1,1,1,FI,3,CN,142,TRUE,0,2,4
6379,BrM,1,7123,1638,08/09/2015,9,2015,07:54,Feeding_Offspring,5,60,394,165,49792.99,49792.99,1,1,1,FI,3,CN,142,TRUE,0,2,4
5613,BrF,0,7085,1639,09/09/2015,9,2015,12:05,Feeding_Offspring,9,60,1895,58,15086.23,15086.23,1,1,1,F,2,CN,142,TRUE,2,0,4
5779,BrM,1,7085,1639,09/09/2015,9,2015,12:05,Feeding_Offspring,12,60,1674,58,15086.23,15086.23,1,1,1,F,2,CN,142,TRUE,2,0,4
5337,BrF,0,7143,1658,24/08/2015,8,2015,14:50,Feeding_Offspring,9,60,2294,68,15232.26,15232.26,1,1,0,F,1,CN,142,TRUE,0,2,4
6164,BrM,1,7143,1658,24/08/2015,8,2015,14:50,Feeding_Offspring,6,60,535,68,15232.26,15232.26,1,1,0,F,1,CN,142,TRUE,0,2,4
5613,BrF,0,7085,1660,05/08/2015,8,2015,14:51,Feeding_Offspring,6,60,1860,58,15086.23,15086.23,1,1,0,FI,1,CN,142,TRUE,2,0,4
5779,BrM,1,7085,1660,05/08/2015,8,2015,14:51,Feeding_Offspring,7,60,1639,58,15086.23,15086.23,1,1,0,FI,1,CN,142,TRUE,2,0,4
5337,BrF,0,7143,1665,17/08/2015,8,2015,14:27,Feeding_Offspring,4,60,2287,68,15232.26,15232.26,1,1,0,FI,1,CN,142,TRUE,0,2,4
6164,BrM,1,7143,1665,17/08/2015,8,2015,14:27,Feeding_Offspring,7,60,528,68,15232.26,15232.26,1,1,0,FI,1,CN,142,TRUE,0,2,4
4958,BrF,0,7522,2406,19/07/2016,7,2016,10:53,Feeding_Offspring,9,60,3534,77,95827.05,95827.05,1,1,1,FI,1,CN,159,TRUE,0,0,2
5626,BrM,1,7522,2406,19/07/2016,7,2016,10:53,Feeding_Offspring,7,60,2066,77,95827.05,95827.05,1,1,1,FI,1,CN,159,TRUE,0,0,2
6231,BrM,1,7574,2417,03/08/2016,8,2016,16:21,Feeding_Offspring,1,30,724,45,21652.93,21652.93,1,1,0,FI,1,CN,159,TRUE,1,0,3
5901,BrF,0,7518,2419,09/08/2016,8,2016,14:30,Feeding_Offspring,12,60,1526,63,15443.21,15443.21,1,1,1,F,1,CN,159,TRUE,1,0,3
6019,BrM,1,7518,2419,09/08/2016,8,2016,14:30,Feeding_Offspring,10,60,1353,63,15443.21,15443.21,1,1,1,F,1,CN,159,TRUE,1,0,3
4860,BrM,1,7523,2422,22/08/2016,8,2016,14:40,Feeding_Offspring,3,60,3756,480,23092.38,23092.38,1,1,1,FI,2,CN,159,TRUE,1,1,4
5524,BrF,0,7523,2422,22/08/2016,8,2016,14:40,Feeding_Offspring,1,60,2471,480,23092.38,23092.38,1,1,1,FI,2,CN,159,TRUE,1,1,4
5547,BrM,1,7555,2423,03/09/2016,9,2016,14:17,Feeding_Offspring,9,60,2212,100,3030.36,3030.36,1,1,1,F,2,CN,159,TRUE,0,1,3
6061,BrF,0,7555,2423,03/09/2016,9,2016,14:17,Feeding_Offspring,5,60,1312,100,3030.36,3030.36,1,1,1,F,2,CN,159,TRUE,0,1,3
5009,BrF,0,7604,2425,01/09/2016,9,2016,16:47,Feeding_Offspring,8,60,3600,516,21712.47,21712.47,1,1,1,F,1,CN,159,TRUE,0,0,2
5850,BrM,1,7604,2425,01/09/2016,9,2016,16:47,Feeding_Offspring,3,60,1678,516,21712.47,21712.47,1,1,1,F,1,CN,159,TRUE,0,0,2
5547,BrM,1,7555,2428,27/08/2016,8,2016,14:24,Feeding_Offspring,9,60,2205,100,3030.36,3030.36,1,1,1,FI,2,CN,159,TRUE,0,1,3
6061,BrF,0,7555,2428,27/08/2016,8,2016,14:24,Feeding_Offspring,2,60,1305,100,3030.36,3030.36,1,1,1,FI,2,CN,159,TRUE,0,1,3
5823,BrF,0,7526,2431,12/08/2016,8,2016,14:38,Feeding_Offspring,8,60,1621,617,43023.13,43023.13,1,1,1,FI,1,CN,159,TRUE,0,1,3
5839,BrM,1,7526,2431,12/08/2016,8,2016,14:38,Feeding_Offspring,7,60,1550,617,43023.13,43023.13,1,1,1,FI,1,CN,159,TRUE,0,1,3
5465,BrF,0,7574,2432,12/08/2016,8,2016,15:50,Feeding_Offspring,6,60,2541,45,21652.93,21652.93,1,1,0,FI,1,CN,159,TRUE,1,0,3
6231,BrM,1,7574,2432,12/08/2016,8,2016,15:50,Feeding_Offspring,6,60,733,45,21652.93,21652.93,1,1,0,FI,1,CN,159,TRUE,1,0,3
6164,BrM,1,7519,2434,13/08/2016,8,2016,14:20,Feeding_Offspring,9,60,890,68,17559.26,17559.26,1,1,1,FI,1,CN,159,TRUE,1,0,3
6191,BrF,0,7519,2434,13/08/2016,8,2016,14:20,Feeding_Offspring,8,60,752,68,17559.26,17559.26,1,1,1,FI,1,CN,159,TRUE,1,0,3
5845,BrF,0,7552,2436,16/08/2016,8,2016,16:20,Feeding_Offspring,9,60,1796,94,15188.5,15188.5,1,1,1,F,1,CN,159,TRUE,0,0,2
6167,BrM,1,7552,2436,16/08/2016,8,2016,16:20,Feeding_Offspring,9,60,894,94,15188.5,15188.5,1,1,1,F,1,CN,159,TRUE,0,0,2
5549,BrF,0,7592,2437,17/08/2016,8,2016,08:12,Feeding_Offspring,2,60,2435,479,23785.2,23785.2,1,1,1,FI,1,CN,159,TRUE,1,0,3
5843,BrF,0,7570,2438,17/08/2016,8,2016,14:55,Feeding_Offspring,5,60,1676,28,33746.86,33746.86,1,1,0,FI,1,CN,159,TRUE,0,1,3
6189,BrM,1,7570,2438,17/08/2016,8,2016,14:55,Feeding_Offspring,12,60,984,28,33746.86,33746.86,1,1,0,FI,1,CN,159,TRUE,0,1,3
5641,BrF,0,7607,2439,17/08/2016,8,2016,16:02,Feeding_Offspring,2,60,1965,55,14119.96,14119.96,1,1,1,FI,1,CN,159,TRUE,1,0,3
5776,BrM,1,7607,2439,17/08/2016,8,2016,16:02,Feeding_Offspring,8,60,1892,55,14119.96,14119.96,1,1,1,FI,1,CN,159,TRUE,1,0,3
1707,BrF,0,7556,2440,18/08/2016,8,2016,10:55,Feeding_Offspring,3,60,5356,112,11782.47,11782.47,1,1,1,FI,1,CN,159,TRUE,1,1,4
5820,BrM,1,7556,2440,18/08/2016,8,2016,10:55,Feeding_Offspring,8,60,1631,112,11782.47,11782.47,1,1,1,FI,1,CN,159,TRUE,1,1,4
5823,BrF,0,7526,2441,18/08/2016,8,2016,14:06,Feeding_Offspring,15,60,1627,617,43023.13,43023.13,1,1,1,F,1,CN,159,TRUE,0,1,3
5839,BrM,1,7526,2441,18/08/2016,8,2016,14:06,Feeding_Offspring,15,60,1556,617,43023.13,43023.13,1,1,1,F,1,CN,159,TRUE,0,1,3
5465,BrF,0,7574,2442,18/08/2016,8,2016,15:25,Feeding_Offspring,7,60,2547,45,21652.93,21652.93,1,1,0,FI,1,CN,159,TRUE,1,0,3
6231,BrM,1,7574,2442,18/08/2016,8,2016,15:25,Feeding_Offspring,5,60,739,45,21652.93,21652.93,1,1,0,FI,1,CN,159,TRUE,1,0,3
3094,BrF,0,7587,2443,19/08/2016,8,2016,14:35,Feeding_Offspring,6,60,4366,53,26150.34,26150.34,1,1,1,FI,1,CN,159,TRUE,0,1,3
5855,BrM,1,7587,2443,19/08/2016,8,2016,14:35,Feeding_Offspring,12,60,1456,53,26150.34,26150.34,1,1,1,FI,1,CN,159,TRUE,0,1,3
6164,BrM,1,7519,2444,19/08/2016,8,2016,15:43,Feeding_Offspring,11,60,896,68,17559.26,17559.26,1,1,1,F,1,CN,159,TRUE,1,0,3
6191,BrF,0,7519,2444,19/08/2016,8,2016,15:43,Feeding_Offspring,7,60,758,68,17559.26,17559.26,1,1,1,F,1,CN,159,TRUE,1,0,3
3086,BrF,0,7531,2445,21/08/2016,8,2016,10:52,Feeding_Offspring,3,60,4320,3,44368.05,44368.05,1,1,0,FI,1,CN,159,TRUE,0,1,3
5829,BrM,1,7531,2445,21/08/2016,8,2016,10:52,Feeding_Offspring,1,60,1591,3,44368.05,44368.05,1,1,0,FI,1,CN,159,TRUE,0,1,3
5588,BrM,1,7586,2446,21/08/2016,8,2016,15:15,Feeding_Offspring,12,60,2121,41,36084.78,36084.78,1,1,,FI,1,CN,159,TRUE,1,0,3
6145,BrF,0,7586,2446,21/08/2016,8,2016,15:15,Feeding_Offspring,9,60,912,41,36084.78,36084.78,1,1,,FI,1,CN,159,TRUE,1,0,3
5641,BrF,0,7607,2448,23/08/2016,8,2016,14:21,Feeding_Offspring,13,60,1971,55,14119.96,14119.96,1,1,1,F,1,CN,159,TRUE,1,0,3
5776,BrM,1,7607,2448,23/08/2016,8,2016,14:21,Feeding_Offspring,10,60,1898,55,14119.96,14119.96,1,1,1,F,1,CN,159,TRUE,1,0,3
6036,BrF,0,7544,2449,24/08/2016,8,2016,11:15,Feeding_Offspring,7,60,1336,618,15979.62,15979.62,1,1,1,FI,1,CN,159,TRUE,1,0,3
6163,BrM,1,7544,2449,24/08/2016,8,2016,11:15,Feeding_Offspring,6,60,1023,618,15979.62,15979.62,1,1,1,FI,1,CN,159,TRUE,1,0,3
5639,BrM,1,7557,2450,24/08/2016,8,2016,14:16,Feeding_Offspring,6,60,1926,123,18584.44,18584.44,1,1,1,FI,3,CN,159,TRUE,1,0,3
5749,BrF,0,7557,2450,24/08/2016,8,2016,14:16,Feeding_Offspring,4,60,1850,123,18584.44,18584.44,1,1,1,FI,3,CN,159,TRUE,1,0,3
5291,BrM,1,7580,2451,24/08/2016,8,2016,15:28,Feeding_Offspring,3,60,2862,62,26341,26341,1,1,1,FI,1,CN,159,TRUE,0,1,3
6214,BrF,0,7580,2451,24/08/2016,8,2016,15:28,Feeding_Offspring,16,60,827,62,26341,26341,1,1,1,FI,1,CN,159,TRUE,0,1,3
5822,BrM,1,7550,2454,22/08/2016,8,2016,11:23,Feeding_Offspring,5,60,1573,83,7646.26,7646.26,2,2,2,F,1,CN,159,TRUE,0,0,2
5854,BrF,0,7550,2454,22/08/2016,8,2016,11:23,Feeding_Offspring,10,60,1459,83,7646.26,7646.26,2,2,2,F,1,CN,159,TRUE,0,0,2
5549,BrF,0,7592,2455,24/08/2016,8,2016,14:27,Feeding_Offspring,14,60,2442,479,23785.2,23785.2,1,1,1,F,1,CN,159,TRUE,1,0,3
5612,BrM,1,7592,2455,24/08/2016,8,2016,14:27,Feeding_Offspring,6,60,2115,479,23785.2,23785.2,1,1,1,F,1,CN,159,TRUE,1,0,3
5644,BrF,0,7606,2457,25/08/2016,8,2016,09:48,Feeding_Offspring,6,60,1942,128,4291.82,4291.82,1,1,1,FI,1,CN,159,TRUE,1,0,3
1707,BrF,0,7556,2458,25/08/2016,8,2016,11:25,Feeding_Offspring,4,60,5363,112,11782.47,11782.47,1,1,1,F,1,CN,159,TRUE,1,1,4
5820,BrM,1,7556,2458,25/08/2016,8,2016,11:25,Feeding_Offspring,5,60,1638,112,11782.47,11782.47,1,1,1,F,1,CN,159,TRUE,1,1,4
6155,BrM,1,7573,2459,25/08/2016,8,2016,14:18,Feeding_Offspring,8,60,909,13,49808.66,49808.66,1,1,1,FI,1,CN,159,TRUE,1,0,3
6229,BrF,0,7573,2459,25/08/2016,8,2016,14:18,Feeding_Offspring,7,60,782,13,49808.66,49808.66,1,1,1,FI,1,CN,159,TRUE,1,0,3
1762,BrM,1,7535,2461,25/08/2016,8,2016,15:42,Feeding_Offspring,6,60,5068,15,47845.88,47845.88,1,1,1,FI,2,CN,159,TRUE,0,1,3
5657,BrF,0,7535,2461,25/08/2016,8,2016,15:42,Feeding_Offspring,1,60,1829,15,47845.88,47845.88,1,1,1,FI,2,CN,159,TRUE,0,1,3
5075,BrF,0,7589,2463,28/08/2016,8,2016,14:21,Feeding_Offspring,5,60,3567,157,15804.56,15804.56,1,1,1,FI,1,CN,159,TRUE,1,0,3
5583,BrM,1,7589,2463,28/08/2016,8,2016,14:21,Feeding_Offspring,4,60,2120,157,15804.56,15804.56,1,1,1,FI,1,CN,159,TRUE,1,0,3
6036,BrF,0,7544,2464,31/08/2016,8,2016,10:05,Feeding_Offspring,7,60,1343,618,15979.62,15979.62,1,1,1,FI,1,CN,159,TRUE,1,0,3
6163,BrM,1,7544,2464,31/08/2016,8,2016,10:05,Feeding_Offspring,4,60,1030,618,15979.62,15979.62,1,1,1,FI,1,CN,159,TRUE,1,0,3
6217,BrF,0,7540,2466,26/08/2016,8,2016,11:26,Feeding_Offspring,10,60,835,605,42038.52,42038.52,2,2,2,FI,1,CN,159,TRUE,0,1,3
6309,BrM,1,7540,2466,26/08/2016,8,2016,11:26,Feeding_Offspring,10,60,775,605,42038.52,42038.52,2,2,2,FI,1,CN,159,TRUE,0,1,3
3086,BrF,0,7531,2467,28/08/2016,8,2016,14:09,Feeding_Offspring,2,60,4327,3,44368.05,44368.05,1,1,0,F,1,CN,159,TRUE,0,1,3
5829,BrM,1,7531,2467,28/08/2016,8,2016,14:09,Feeding_Offspring,1,60,1598,3,44368.05,44368.05,1,1,0,F,1,CN,159,TRUE,0,1,3
5588,BrM,1,7586,2468,28/08/2016,8,2016,15:18,Feeding_Offspring,11,60,2128,41,36084.78,36084.78,1,1,,F,1,CN,159,TRUE,1,0,3
6145,BrF,0,7586,2468,28/08/2016,8,2016,15:18,Feeding_Offspring,8,60,919,41,36084.78,36084.78,1,1,,F,1,CN,159,TRUE,1,0,3
5639,BrM,1,7557,2469,29/08/2016,8,2016,14:12,Feeding_Offspring,4,60,1931,123,18584.44,18584.44,1,1,1,F,3,CN,159,TRUE,1,0,3
5749,BrF,0,7557,2469,29/08/2016,8,2016,14:12,Feeding_Offspring,5,60,1855,123,18584.44,18584.44,1,1,1,F,3,CN,159,TRUE,1,0,3
4860,BrM,1,7523,2470,29/08/2016,8,2016,15:20,Feeding_Offspring,7,60,3763,480,23092.38,23092.38,1,1,1,FI,2,CN,159,TRUE,1,1,4
5524,BrF,0,7523,2470,29/08/2016,8,2016,15:20,Feeding_Offspring,18,60,2478,480,23092.38,23092.38,1,1,1,FI,2,CN,159,TRUE,1,1,4
4947,BrM,1,7547,2471,30/08/2016,8,2016,11:10,Feeding_Offspring,9,60,3610,81,10156.71,10156.71,1,1,1,F,1,CN,159,TRUE,0,0,2
5537,BrF,0,7547,2471,30/08/2016,8,2016,11:10,Feeding_Offspring,9,60,2470,81,10156.71,10156.71,1,1,1,F,1,CN,159,TRUE,0,0,2
5291,BrM,1,7580,2472,31/08/2016,8,2016,08:51,Feeding_Offspring,6,60,2869,62,26341,26341,1,1,1,F,1,CN,159,TRUE,0,1,3
6214,BrF,0,7580,2472,31/08/2016,8,2016,08:51,Feeding_Offspring,15,60,834,62,26341,26341,1,1,1,F,1,CN,159,TRUE,0,1,3
5644,BrF,0,7606,2473,01/09/2016,9,2016,08:34,Feeding_Offspring,8,60,1949,128,4291.82,4291.82,1,1,1,FI,1,CN,159,TRUE,1,0,3
6155,BrM,1,7573,2474,01/09/2016,9,2016,14:22,Feeding_Offspring,6,60,916,13,49808.66,49808.66,1,1,1,F,1,CN,159,TRUE,1,0,3
6229,BrF,0,7573,2474,01/09/2016,9,2016,14:22,Feeding_Offspring,10,60,789,13,49808.66,49808.66,1,1,1,F,1,CN,159,TRUE,1,0,3
1762,BrM,1,7535,2475,01/09/2016,9,2016,15:27,Feeding_Offspring,6,60,5075,15,47845.88,47845.88,1,1,1,FI,2,CN,159,TRUE,0,1,3
5657,BrF,0,7535,2475,01/09/2016,9,2016,15:27,Feeding_Offspring,11,60,1836,15,47845.88,47845.88,1,1,1,FI,2,CN,159,TRUE,0,1,3
5075,BrF,0,7589,2476,02/09/2016,9,2016,14:17,Feeding_Offspring,15,60,3572,157,15804.56,15804.56,1,1,1,F,1,CN,159,TRUE,1,0,3
5583,BrM,1,7589,2476,02/09/2016,9,2016,14:17,Feeding_Offspring,2,60,2125,157,15804.56,15804.56,1,1,1,F,1,CN,159,TRUE,1,0,3
5321,BrM,1,7579,2477,02/09/2016,9,2016,15:33,Feeding_Offspring,7,60,2725,57,23765.67,23765.67,1,1,1,FI,1,CN,159,TRUE,1,1,4
5514,BrF,0,7579,2477,02/09/2016,9,2016,15:33,Feeding_Offspring,7,60,2485,57,23765.67,23765.67,1,1,1,FI,1,CN,159,TRUE,1,1,4
5009,BrF,0,7604,2478,07/09/2016,9,2016,15:50,Feeding_Offspring,5,60,3606,516,21712.47,21712.47,1,1,1,F,1,CN,159,TRUE,0,0,2
5850,BrM,1,7604,2478,07/09/2016,9,2016,15:50,Feeding_Offspring,5,60,1684,516,21712.47,21712.47,1,1,1,F,1,CN,159,TRUE,0,0,2
2974,BrM,1,7525,2480,08/09/2016,9,2016,11:04,Feeding_Offspring,3,60,4596,178,17252.7,17252.7,,,,FI,1,CN,159,TRUE,0,1,3
5511,BrF,0,7525,2480,08/09/2016,9,2016,11:04,Feeding_Offspring,7,60,2346,178,17252.7,17252.7,,,,FI,1,CN,159,TRUE,0,1,3
2974,BrM,1,7525,2481,15/09/2016,9,2016,07:16,Feeding_Offspring,16,60,4603,178,17252.7,17252.7,,,,F,1,CN,159,TRUE,0,1,3
5511,BrF,0,7525,2481,15/09/2016,9,2016,07:16,Feeding_Offspring,14,60,2353,178,17252.7,17252.7,,,,F,1,CN,159,TRUE,0,1,3
5635,BrF,0,7566,2483,15/09/2016,9,2016,07:13,Feeding_Offspring,5,60,2100,481,40951.08,40951.08,1,1,0,FI,2,CN,159,TRUE,1,0,3
6193,BrM,1,7566,2483,15/09/2016,9,2016,07:13,Feeding_Offspring,9,60,829,481,40951.08,40951.08,1,1,0,FI,2,CN,159,TRUE,1,0,3
6370,BrM,1,7521,2490,09/08/2016,8,2016,15:40,Feeding_Offspring,10,60,754,71,18305.99,18305.99,1,1,1,FI,1,CN,159,TRUE,2,0,4
2991,BrM,1,7563,2491,11/08/2016,8,2016,08:24,Feeding_Offspring,8,60,4640,179,17872.45,17872.45,1,1,1,FI,1,CN,159,TRUE,1,0,3
5838,BrF,0,7563,2491,11/08/2016,8,2016,08:24,Feeding_Offspring,3,60,1616,179,17872.45,17872.45,1,1,1,FI,1,CN,159,TRUE,1,0,3
2991,BrM,1,7563,2494,15/08/2016,8,2016,10:30,Feeding_Offspring,7,60,4644,179,17872.45,17872.45,1,1,1,FI,1,CN,159,TRUE,1,0,3
5838,BrF,0,7563,2494,15/08/2016,8,2016,10:30,Feeding_Offspring,1,60,1620,179,17872.45,17872.45,1,1,1,FI,1,CN,159,TRUE,1,0,3
5822,BrM,1,7550,2495,13/08/2016,8,2016,14:20,Feeding_Offspring,8,60,1564,83,7646.26,7646.26,2,2,2,FI,1,CN,159,TRUE,0,0,2
5854,BrF,0,7550,2495,13/08/2016,8,2016,14:20,Feeding_Offspring,7,60,1450,83,7646.26,7646.26,2,2,2,FI,1,CN,159,TRUE,0,0,2
5465,BrF,0,7747,2497,05/07/2017,7,2017,10:42,Feeding_Offspring,9,60,2868,45,127889.23,127889.23,2,2,2,F,1,CN,164,TRUE,1,0,3
6231,BrM,1,7747,2497,05/07/2017,7,2017,10:42,Feeding_Offspring,6,60,1060,45,127889.23,127889.23,2,2,2,F,1,CN,164,TRUE,1,0,3
5549,BrF,0,7742,2499,11/07/2017,7,2017,15:37,Feeding_Offspring,5,60,2763,479,92068.02,92068.02,1,1,1,F,1,CN,164,TRUE,1,0,3
5612,BrM,1,7742,2499,11/07/2017,7,2017,15:37,Feeding_Offspring,7,60,2436,479,92068.02,92068.02,1,1,1,F,1,CN,164,TRUE,1,0,3
5822,BrM,1,7746,2500,14/07/2017,7,2017,15:04,Feeding_Offspring,8,60,1899,83,74000.13,74000.13,1,1,0,FI,1,CN,164,TRUE,0,0,2
6378,BrF,0,7746,2500,14/07/2017,7,2017,15:04,Feeding_Offspring,9,60,710,83,74000.13,74000.13,1,1,0,FI,1,CN,164,TRUE,0,0,2
6169,BrF,0,7773,2502,20/07/2017,7,2017,08:25,Feeding_Offspring,5,60,1227,140,28077.51,28077.51,1,1,1,F,1,CN,164,TRUE,0,0,2
6170,BrM,1,7773,2502,20/07/2017,7,2017,08:25,Feeding_Offspring,4,60,1227,140,28077.51,28077.51,1,1,1,F,1,CN,164,TRUE,0,0,2
5545,BrF,0,7772,2503,20/07/2017,7,2017,09:34,Feeding_Offspring,6,60,2543,177,32073.94,32073.94,1,1,1,F,1,CN,164,TRUE,1,0,3
6565,BrM,1,7772,2503,20/07/2017,7,2017,09:34,Feeding_Offspring,12,60,882,177,32073.94,32073.94,1,1,1,F,1,CN,164,TRUE,1,0,3
3456,BrM,1,7744,2504,03/08/2017,8,2017,13:55,Feeding_Offspring,7,60,4799,407,64993.92,64993.92,1,1,1,F,2,CN,164,TRUE,0,1,3
6028,BrF,0,7744,2504,03/08/2017,8,2017,13:55,Feeding_Offspring,10,60,1700,407,64993.92,64993.92,1,1,1,F,2,CN,164,TRUE,0,1,3
6018,BrM,1,7776,2505,03/08/2017,8,2017,15:05,Feeding_Offspring,5,60,1713,75,49923.83,49923.83,1,1,1,FI,1,CN,164,TRUE,2,0,4
6139,BrF,0,7776,2505,03/08/2017,8,2017,15:05,Feeding_Offspring,9,60,1257,75,49923.83,49923.83,1,1,1,FI,1,CN,164,TRUE,2,0,4
6018,BrM,1,7776,2507,10/08/2017,8,2017,07:43,Feeding_Offspring,5,60,1720,75,49923.83,49923.83,1,1,1,F,1,CN,164,TRUE,2,0,4
6139,BrF,0,7776,2507,10/08/2017,8,2017,07:43,Feeding_Offspring,3,60,1264,75,49923.83,49923.83,1,1,1,F,1,CN,164,TRUE,2,0,4
3462,BrF,0,7765,2508,10/08/2017,8,2017,08:48,Feeding_Offspring,6,60,4499,40,50547.64,50547.64,1,1,1,F,1,CN,164,TRUE,1,0,3
5590,BrM,1,7765,2508,10/08/2017,8,2017,08:48,Feeding_Offspring,15,60,2355,40,50547.64,50547.64,1,1,1,F,1,CN,164,TRUE,1,0,3
6164,BrM,1,7748,2513,22/08/2017,8,2017,11:45,Feeding_Offspring,3,60,1264,68,56430.95,56430.95,1,1,1,F,2,CN,164,TRUE,2,0,4
6191,BrF,0,7748,2513,22/08/2017,8,2017,11:45,Feeding_Offspring,9,60,1126,68,56430.95,56430.95,1,1,1,F,2,CN,164,TRUE,2,0,4
5822,BrM,1,7746,2515,22/07/2017,7,2017,14:55,Feeding_Offspring,12,60,1907,83,74000.13,74000.13,1,1,0,F,1,CN,164,TRUE,0,0,2
6378,BrF,0,7746,2515,22/07/2017,7,2017,14:55,Feeding_Offspring,6,60,718,83,74000.13,74000.13,1,1,0,F,1,CN,164,TRUE,0,0,2
5543,BrF,0,7733,2517,29/07/2017,7,2017,08:22,Feeding_Offspring,17,60,2550,71,16628.27,16628.27,1,1,1,FI,1,CN,164,TRUE,2,1,5
6370,BrM,1,7733,2517,29/07/2017,7,2017,08:22,Feeding_Offspring,4,60,1108,71,16628.27,16628.27,1,1,1,FI,1,CN,164,TRUE,2,1,5
3462,BrF,0,7765,2518,01/08/2017,8,2017,08:41,Feeding_Offspring,2,60,4490,40,50547.64,50547.64,1,1,1,FI,1,CN,164,TRUE,1,0,3
5590,BrM,1,7765,2518,01/08/2017,8,2017,08:41,Feeding_Offspring,11,60,2346,40,50547.64,50547.64,1,1,1,FI,1,CN,164,TRUE,1,0,3
5838,BrF,0,7738,2521,08/08/2017,8,2017,08:12,Feeding_Offspring,15,60,1978,179,23270.89,23270.89,1,1,1,F,2,CN,164,TRUE,0,1,3
6294,BrM,1,7738,2521,08/08/2017,8,2017,08:12,Feeding_Offspring,11,60,980,179,23270.89,23270.89,1,1,1,F,2,CN,164,TRUE,0,1,3
5291,BrM,1,7793,2525,16/08/2017,8,2017,07:56,Feeding_Offspring,5,60,3219,62,87182.2,87182.2,2,2,2,FI,2,CN,164,TRUE,1,0,3
6214,BrF,0,7793,2525,16/08/2017,8,2017,07:56,Feeding_Offspring,4,60,1184,62,87182.2,87182.2,2,2,2,FI,2,CN,164,TRUE,1,0,3
6199,BrF,0,7770,2526,18/08/2017,8,2017,08:14,Feeding_Offspring,6,60,1105,16,72942.35,72942.35,1,1,1,FI,1,CN,164,TRUE,0,1,3
6570,BrM,1,7770,2526,18/08/2017,8,2017,08:14,Feeding_Offspring,6,60,678,16,72942.35,72942.35,1,1,1,FI,1,CN,164,TRUE,0,1,3
6164,BrM,1,7748,2527,23/08/2017,8,2017,08:25,Feeding_Offspring,5,60,1265,68,56430.95,56430.95,1,1,1,FI,2,CN,164,TRUE,2,0,4
6191,BrF,0,7748,2527,23/08/2017,8,2017,08:25,Feeding_Offspring,2,60,1127,68,56430.95,56430.95,1,1,1,FI,2,CN,164,TRUE,2,0,4
6199,BrF,0,7770,2528,25/08/2017,8,2017,07:52,Feeding_Offspring,9,60,1112,16,72942.35,72942.35,1,1,1,F,1,CN,164,TRUE,0,1,3
6570,BrM,1,7770,2528,25/08/2017,8,2017,07:52,Feeding_Offspring,6,60,685,16,72942.35,72942.35,1,1,1,F,1,CN,164,TRUE,0,1,3
5901,BrF,0,7796,2530,04/09/2017,9,2017,08:50,Feeding_Offspring,7,60,1917,63,45367.55,45367.55,1,1,,FI,2,CN,164,TRUE,1,1,4
6019,BrM,1,7796,2530,04/09/2017,9,2017,08:50,Feeding_Offspring,8,60,1744,63,45367.55,45367.55,1,1,,FI,2,CN,164,TRUE,1,1,4
3089,BrM,1,7752,2531,06/09/2017,9,2017,08:14,Feeding_Offspring,4,60,4689,86,10984.72,10984.72,1,1,1,F,2,CN,164,TRUE,1,0,3
6143,BrF,0,7752,2531,06/09/2017,9,2017,08:14,Feeding_Offspring,5,60,1293,86,10984.72,10984.72,1,1,1,F,2,CN,164,TRUE,1,0,3
6217,BrF,0,7760,2533,21/07/2017,7,2017,10:00,Feeding_Offspring,4,60,1164,605,47506.17,47506.17,1,1,1,F,1,CN,164,TRUE,0,0,2
6309,BrM,1,7760,2533,21/07/2017,7,2017,10:00,Feeding_Offspring,2,60,1104,605,47506.17,47506.17,1,1,1,F,1,CN,164,TRUE,0,0,2
2966,BrM,1,7750,2534,26/07/2017,7,2017,08:35,Feeding_Offspring,7,60,4899,24,27174.66,27174.66,1,1,1,F,1,CN,164,TRUE,0,1,3
5630,BrF,0,7750,2534,26/07/2017,7,2017,08:35,Feeding_Offspring,6,60,2308,24,27174.66,27174.66,1,1,1,F,1,CN,164,TRUE,0,1,3
5838,BrF,0,7738,2536,01/08/2017,8,2017,08:30,Feeding_Offspring,3,60,1971,179,23270.89,23270.89,1,1,1,F,2,CN,164,TRUE,0,1,3
6294,BrM,1,7738,2536,01/08/2017,8,2017,08:30,Feeding_Offspring,11,60,973,179,23270.89,23270.89,1,1,1,F,2,CN,164,TRUE,0,1,3
5543,BrF,0,7733,2539,04/08/2017,8,2017,15:24,Feeding_Offspring,9,60,2556,71,16628.27,16628.27,1,1,1,F,1,CN,164,TRUE,2,1,5
6370,BrM,1,7733,2539,04/08/2017,8,2017,15:24,Feeding_Offspring,1,60,1114,71,16628.27,16628.27,1,1,1,F,1,CN,164,TRUE,2,1,5
5321,BrM,1,7757,2541,10/08/2017,8,2017,09:00,Feeding_Offspring,1,60,3067,57,91843.45,91843.45,1,1,1,F,1,CN,164,TRUE,2,0,4
5514,BrF,0,7757,2541,10/08/2017,8,2017,09:00,Feeding_Offspring,1,60,2827,57,91843.45,91843.45,1,1,1,F,1,CN,164,TRUE,2,0,4
6019,BrM,1,7796,2542,12/08/2017,8,2017,11:00,Feeding_Offspring,1,60,1721,63,45367.55,45367.55,1,1,,FI,2,CN,164,TRUE,1,1,4
5291,BrM,1,7793,2546,23/08/2017,8,2017,10:03,Feeding_Offspring,6,60,3226,62,87182.2,87182.2,2,2,2,F,2,CN,164,TRUE,1,0,3
5644,BrF,0,7823,2547,23/08/2017,8,2017,11:06,Feeding_Offspring,1,60,2305,128,113900.1,113900.1,1,1,1,FI,1,CN,164,TRUE,0,1,3
5904,BrM,1,7823,2547,23/08/2017,8,2017,11:06,Feeding_Offspring,4,60,1781,128,113900.1,113900.1,1,1,1,FI,1,CN,164,TRUE,0,1,3
3089,BrM,1,7752,2548,29/08/2017,8,2017,08:00,Feeding_Offspring,4,60,4681,86,10984.72,10984.72,1,1,1,FI,2,CN,164,TRUE,1,0,3
6143,BrF,0,7752,2548,29/08/2017,8,2017,08:00,Feeding_Offspring,2,60,1285,86,10984.72,10984.72,1,1,1,FI,2,CN,164,TRUE,1,0,3
5634,BrF,0,7783,2549,30/08/2017,8,2017,08:11,Feeding_Offspring,12,60,2451,165,29038.84,29038.84,2,2,2,FI,2,CN,164,TRUE,1,0,3
6567,BrM,1,7783,2549,30/08/2017,8,2017,08:11,Feeding_Offspring,7,60,831,165,29038.84,29038.84,2,2,2,FI,2,CN,164,TRUE,1,0,3
5634,BrF,0,7783,2551,06/09/2017,9,2017,10:07,Feeding_Offspring,13,60,2458,165,29038.84,29038.84,2,2,2,F,2,CN,164,TRUE,1,0,3
6567,BrM,1,7783,2551,06/09/2017,9,2017,10:07,Feeding_Offspring,11,60,838,165,29038.84,29038.84,2,2,2,F,2,CN,164,TRUE,1,0,3
5465,BrF,0,7747,2552,09/09/2017,9,2017,15:30,Feeding_Offspring,5,25,2934,45,127889.23,127889.23,1,1,,F,2,CN,164,TRUE,1,0,3
6231,BrM,1,7747,2552,09/09/2017,9,2017,15:30,Feeding_Offspring,1,25,1126,45,127889.23,127889.23,1,1,,F,2,CN,164,TRUE,1,0,3
5465,BrF,0,7747,2553,11/09/2017,9,2017,08:50,Feeding_Offspring,2,10,2936,45,127889.23,127889.23,1,1,,F,2,CN,164,TRUE,1,0,3
5843,BrF,0,7807,2554,11/09/2017,9,2017,08:18,Feeding_Offspring,10,60,2066,28,42273,42273,1,1,,FI,2,CN,164,TRUE,1,0,3
6230,BrM,1,7807,2554,11/09/2017,9,2017,08:18,Feeding_Offspring,4,60,1154,28,42273,42273,1,1,,FI,2,CN,164,TRUE,1,0,3
5644,BrF,0,7823,2555,30/08/2017,8,2017,08:20,Feeding_Offspring,14,60,2312,128,113900.1,113900.1,1,1,1,FI,1,CN,164,TRUE,0,1,3
5904,BrM,1,7823,2555,30/08/2017,8,2017,08:20,Feeding_Offspring,6,60,1788,128,113900.1,113900.1,1,1,1,FI,1,CN,164,TRUE,0,1,3
5456,BrM,1,7958,2558,23/06/2018,6,2018,14:20,Feeding_Offspring,7,60,3238,134,5065.94,5065.94,1,1,1,F,1,CN,167,TRUE,0,2,4
6377,BrF,0,7958,2558,23/06/2018,6,2018,14:20,Feeding_Offspring,7,60,1406,134,5065.94,5065.94,1,1,1,F,1,CN,167,TRUE,0,2,4
5635,BrF,0,7959,2561,24/07/2018,7,2018,07:51,Feeding_Offspring,1,60,2777,481,9981.79,9981.79,1,1,1,FI,1,CN,167,TRUE,0,0,2
6193,BrM,1,7959,2561,24/07/2018,7,2018,07:51,Feeding_Offspring,2,60,1506,481,9981.79,9981.79,1,1,1,FI,1,CN,167,TRUE,0,0,2
6187,BrF,0,7985,2562,21/07/2018,7,2018,14:20,Feeding_Offspring,4,60,1578,64,8147.51,8147.51,1,1,1,FI,1,CN,167,TRUE,1,0,3
6261,BrM,1,7985,2562,21/07/2018,7,2018,14:20,Feeding_Offspring,3,60,1454,64,8147.51,8147.51,1,1,1,FI,1,CN,167,TRUE,1,0,3
5853,BrM,1,7960,2565,24/07/2018,7,2018,07:49,Feeding_Offspring,2,60,2186,616,3832.91,3832.91,1,1,1,F,1,CN,167,TRUE,2,0,4
6034,BrF,0,7960,2565,24/07/2018,7,2018,07:49,Feeding_Offspring,4,60,2049,616,3832.91,3832.91,1,1,1,F,1,CN,167,TRUE,2,0,4
6018,BrM,1,7987,2566,09/07/2018,7,2018,16:15,Feeding_Offspring,1,60,2053,75,14017.36,14017.36,1,1,1,F,1,CN,167,TRUE,2,1,5
6139,BrF,0,7987,2566,09/07/2018,7,2018,16:15,Feeding_Offspring,6,60,1597,75,14017.36,14017.36,1,1,1,F,1,CN,167,TRUE,2,1,5
5543,BrF,0,7988,2567,12/07/2018,7,2018,09:48,Feeding_Offspring,8,60,2898,71,17438.84,17438.84,1,1,1,F,1,CN,167,TRUE,1,3,6
6370,BrM,1,7988,2567,12/07/2018,7,2018,09:48,Feeding_Offspring,7,60,1456,71,17438.84,17438.84,1,1,1,F,1,CN,167,TRUE,1,3,6
5612,BrM,1,7984,2569,24/07/2018,7,2018,15:33,Feeding_Offspring,1,60,2814,479,17837.56,17837.56,1,1,1,F,1,CN,167,TRUE,1,1,4
6188,BrF,0,7990,2570,03/08/2018,8,2018,16:15,Feeding_Offspring,5,60,1584,636,16711.75,16711.75,1,1,1,FI,1,CN,167,TRUE,0,0,2
6574,BrM,1,7990,2570,03/08/2018,8,2018,16:15,Feeding_Offspring,4,60,1019,636,16711.75,16711.75,1,1,1,FI,1,CN,167,TRUE,0,0,2
6044,BrF,0,7978,2572,30/07/2018,7,2018,15:26,Feeding_Offspring,9,60,1902,85,8887.82,8887.82,1,1,1,F,1,CN,167,TRUE,0,0,2
6222,BrM,1,7978,2572,30/07/2018,7,2018,15:26,Feeding_Offspring,11,60,1645,85,8887.82,8887.82,1,1,1,F,1,CN,167,TRUE,0,0,2
5075,BrF,0,7993,2574,24/07/2018,7,2018,10:30,Feeding_Offspring,9,60,4262,157,4819.76,4819.76,1,1,1,F,1,CN,167,TRUE,1,0,3
5583,BrM,1,7993,2574,24/07/2018,7,2018,10:30,Feeding_Offspring,2,60,2815,157,4819.76,4819.76,1,1,1,F,1,CN,167,TRUE,1,0,3
5521,BrF,0,7994,2575,24/07/2018,7,2018,08:08,Feeding_Offspring,11,60,3180,96,10233.73,10233.73,1,1,1,F,1,CN,167,TRUE,0,0,2
6694,BrM,1,7994,2575,24/07/2018,7,2018,08:08,Feeding_Offspring,11,60,663,96,10233.73,10233.73,1,1,1,F,1,CN,167,TRUE,0,0,2
5635,BrF,0,7959,2578,19/07/2018,7,2018,11:52,Feeding_Offspring,7,60,2772,481,9981.79,9981.79,1,1,1,F,1,CN,167,TRUE,0,0,2
6193,BrM,1,7959,2578,19/07/2018,7,2018,11:52,Feeding_Offspring,3,60,1501,481,9981.79,9981.79,1,1,1,F,1,CN,167,TRUE,0,0,2
5549,BrF,0,7984,2579,18/07/2018,7,2018,11:47,Feeding_Offspring,5,60,3135,479,17837.56,17837.56,1,1,1,F,1,CN,167,TRUE,1,1,4
5612,BrM,1,7984,2579,18/07/2018,7,2018,11:47,Feeding_Offspring,1,60,2808,479,17837.56,17837.56,1,1,1,F,1,CN,167,TRUE,1,1,4
5543,BrF,0,7988,2580,17/07/2018,7,2018,15:15,Feeding_Offspring,7,60,2903,71,17438.84,17438.84,1,1,1,F,1,CN,167,TRUE,1,3,6
6370,BrM,1,7988,2580,17/07/2018,7,2018,15:15,Feeding_Offspring,6,60,1461,71,17438.84,17438.84,1,1,1,F,1,CN,167,TRUE,1,3,6
5595,BrM,1,7986,2581,15/07/2018,7,2018,15:19,Feeding_Offspring,1,60,2693,26,5969.8,5969.8,1,1,0,FI,1,CN,167,TRUE,0,0,2
6160,BrF,0,7986,2581,15/07/2018,7,2018,15:19,Feeding_Offspring,3,60,1595,26,5969.8,5969.8,1,1,0,FI,1,CN,167,TRUE,0,0,2
5644,BrF,0,7997,2585,09/07/2018,7,2018,15:40,Feeding_Offspring,4,60,2625,128,19708.4,19708.4,1,1,1,F,1,CN,167,TRUE,1,0,3
5904,BrM,1,7997,2585,09/07/2018,7,2018,15:40,Feeding_Offspring,7,60,2101,128,19708.4,19708.4,1,1,1,F,1,CN,167,TRUE,1,0,3
6186,BrF,0,7998,2586,09/08/2018,8,2018,09:13,Feeding_Offspring,2,60,1598,110,9004,9004,1,1,1,F,2,CN,167,TRUE,0,0,2
6384,BrM,1,7998,2586,09/08/2018,8,2018,09:13,Feeding_Offspring,9,60,1301,110,9004,9004,1,1,1,F,2,CN,167,TRUE,0,0,2
5644,BrF,0,7997,2588,09/07/2018,7,2018,15:40,Feeding_Offspring,4,60,2625,128,19708.4,19708.4,1,1,1,F,1,CN,167,TRUE,1,0,3
5904,BrM,1,7997,2588,09/07/2018,7,2018,15:40,Feeding_Offspring,7,60,2101,128,19708.4,19708.4,1,1,1,F,1,CN,167,TRUE,1,0,3
6048,BrF,0,8000,2590,05/07/2018,7,2018,10:27,Feeding_Offspring,6,60,1990,59,15353.45,15353.45,1,1,1,F,1,CN,167,TRUE,1,0,3
6158,BrM,1,8000,2590,05/07/2018,7,2018,10:27,Feeding_Offspring,5,60,1586,59,15353.45,15353.45,1,1,1,F,1,CN,167,TRUE,1,0,3
6018,BrM,1,7987,2592,30/06/2018,6,2018,15:51,Feeding_Offspring,7,60,2044,75,14017.36,14017.36,1,1,1,F,1,CN,167,TRUE,2,1,5
6139,BrF,0,7987,2592,30/06/2018,6,2018,15:51,Feeding_Offspring,6,60,1588,75,14017.36,14017.36,1,1,1,F,1,CN,167,TRUE,2,1,5
6708,BrM,1,7970,2595,27/07/2018,7,2018,14:21,Feeding_Offspring,3,60,650,126,30405.1,30405.1,1,0,0,I,2,CN,167,TRUE,1,0,3
6651,BrM,1,8022,2596,23/06/2018,6,2018,16:08,Feeding_Offspring,6,60,1057,160,5894.06,5894.06,1,1,1,F,1,CN,167,TRUE,0,1,3
6018,BrM,1,7987,2597,25/06/2018,6,2018,12:37,Feeding_Offspring,2,60,2039,75,14017.36,14017.36,1,1,1,F,1,CN,167,TRUE,2,1,5
6139,BrF,0,7987,2597,25/06/2018,6,2018,12:37,Feeding_Offspring,1,60,1583,75,14017.36,14017.36,1,1,1,F,1,CN,167,TRUE,2,1,5
5821,BrM,1,8023,2598,26/06/2018,6,2018,11:36,Feeding_Offspring,7,60,2306,169,20983.14,20983.14,1,1,1,F,1,CN,167,TRUE,0,1,3
6670,BrF,0,8023,2598,26/06/2018,6,2018,11:36,Feeding_Offspring,10,60,939,169,20983.14,20983.14,1,1,1,F,1,CN,167,TRUE,0,1,3
3094,BrF,0,8017,2599,10/08/2018,8,2018,08:09,Feeding_Offspring,2,60,5087,53,15901.37,15901.37,1,1,1,FI,2,CN,167,TRUE,1,0,3
5855,BrM,1,8017,2599,10/08/2018,8,2018,08:09,Feeding_Offspring,1,60,2177,53,15901.37,15901.37,1,1,1,FI,2,CN,167,TRUE,1,0,3
6164,BrM,1,8019,2600,13/08/2018,8,2018,14:20,Feeding_Offspring,1,60,1620,68,16511.76,16511.76,1,0,0,I,2,CN,167,TRUE,0,1,3
6167,BrM,1,8025,2605,03/08/2018,8,2018,11:26,Feeding_Offspring,1,60,1611,94,15549.87,15549.87,1,1,,FI,2,CN,167,TRUE,0,1,3
6045,BrM,1,7980,2606,04/08/2018,8,2018,17:00,Feeding_Offspring,8,60,1905,20,14268.5,14268.5,1,1,1,F,1,CN,167,TRUE,1,0,3
6673,BrF,0,7980,2606,04/08/2018,8,2018,17:00,Feeding_Offspring,4,60,1057,20,14268.5,14268.5,1,1,1,F,1,CN,167,TRUE,1,0,3
6011,BrM,1,7961,2609,13/08/2018,8,2018,11:25,Feeding_Offspring,5,60,2104,43,11059.07,11059.07,2,2,2,F,2,CN,167,TRUE,2,0,4
6211,BrF,0,7961,2609,13/08/2018,8,2018,11:25,Feeding_Offspring,15,60,1555,43,11059.07,11059.07,2,2,2,F,2,CN,167,TRUE,2,0,4
6048,BrF,0,8000,2613,13/07/2018,7,2018,16:30,Feeding_Offspring,5,60,1998,59,15353.45,15353.45,1,1,1,F,1,CN,167,TRUE,1,0,3
6158,BrM,1,8000,2613,13/07/2018,7,2018,16:30,Feeding_Offspring,4,60,1594,59,15353.45,15353.45,1,1,1,F,1,CN,167,TRUE,1,0,3
5833,BrF,0,7995,2615,18/07/2018,7,2018,10:55,Feeding_Offspring,3,60,2588,34,5469.06,5469.06,1,1,1,F,1,CN,167,TRUE,0,0,2
6219,BrM,1,7995,2615,18/07/2018,7,2018,10:55,Feeding_Offspring,8,60,1515,34,5469.06,5469.06,1,1,1,F,1,CN,167,TRUE,0,0,2
5853,BrM,1,7960,2616,18/07/2018,7,2018,12:00,Feeding_Offspring,6,60,2180,616,3832.91,3832.91,1,1,1,FI,1,CN,167,TRUE,2,0,4
6034,BrF,0,7960,2616,18/07/2018,7,2018,12:00,Feeding_Offspring,5,60,2043,616,3832.91,3832.91,1,1,1,FI,1,CN,167,TRUE,2,0,4
6064,BrF,0,7976,2619,22/07/2018,7,2018,10:31,Feeding_Offspring,5,60,1683,662,1368.03,1368.03,1,1,1,FI,1,CN,167,TRUE,0,1,3
6152,BrM,1,7976,2619,22/07/2018,7,2018,10:31,Feeding_Offspring,1,60,1606,662,1368.03,1368.03,1,1,1,FI,1,CN,167,TRUE,0,1,3
6187,BrF,0,7985,2620,28/07/2018,7,2018,09:45,Feeding_Offspring,6,60,1585,64,8147.51,8147.51,1,1,1,F,1,CN,167,TRUE,1,0,3
6261,BrM,1,7985,2620,28/07/2018,7,2018,09:45,Feeding_Offspring,12,60,1461,64,8147.51,8147.51,1,1,1,F,1,CN,167,TRUE,1,0,3
6064,BrF,0,7976,2622,02/08/2018,8,2018,14:23,Feeding_Offspring,4,60,1694,662,1368.03,1368.03,1,1,1,F,1,CN,167,TRUE,0,1,3
6152,BrM,1,7976,2622,02/08/2018,8,2018,14:23,Feeding_Offspring,2,60,1617,662,1368.03,1368.03,1,1,1,F,1,CN,167,TRUE,0,1,3
5452,BrF,0,7969,2623,03/08/2018,8,2018,11:25,Feeding_Offspring,10,60,3335,72,9854.44,9854.44,1,1,1,F,1,CN,167,TRUE,0,1,3
6029,BrM,1,7969,2623,03/08/2018,8,2018,11:25,Feeding_Offspring,7,60,2065,72,9854.44,9854.44,1,1,1,F,1,CN,167,TRUE,0,1,3
4947,BrM,1,7975,2624,06/08/2018,8,2018,10:11,Feeding_Offspring,10,60,4316,81,5449.21,5449.21,2,2,2,FI,1,CN,167,TRUE,1,0,3
5537,BrF,0,7975,2624,06/08/2018,8,2018,10:11,Feeding_Offspring,6,60,3176,81,5449.21,5449.21,2,2,2,FI,1,CN,167,TRUE,1,0,3
6385,BrM,1,7965,2625,09/08/2018,8,2018,10:29,Feeding_Offspring,9,60,1300,2,9115.13,9115.13,1,1,1,F,1,CN,167,TRUE,0,0,2
6690,BrF,0,7965,2625,09/08/2018,8,2018,10:29,Feeding_Offspring,4,60,812,2,9115.13,9115.13,1,1,1,F,1,CN,167,TRUE,0,0,2
5779,BrM,1,7968,2626,10/08/2018,8,2018,08:37,Feeding_Offspring,11,60,2740,58,14080.49,14080.49,1,1,1,FI,1,CN,167,TRUE,0,0,2
6554,BrF,0,7968,2626,10/08/2018,8,2018,08:37,Feeding_Offspring,8,60,1049,58,14080.49,14080.49,1,1,1,FI,1,CN,167,TRUE,0,0,2
6186,BrF,0,7998,2628,16/08/2018,8,2018,11:10,Feeding_Offspring,8,60,1605,110,9004,9004,1,1,1,F,2,CN,167,TRUE,0,0,2
6384,BrM,1,7998,2628,16/08/2018,8,2018,11:10,Feeding_Offspring,8,60,1308,110,9004,9004,1,1,1,F,2,CN,167,TRUE,0,0,2
6144,BrM,1,8021,2629,14/08/2018,8,2018,15:53,Feeding_Offspring,8,60,1635,1,5875.21,5875.21,1,1,1,F,2,CN,167,TRUE,1,0,3
6215,BrF,0,8021,2629,14/08/2018,8,2018,15:53,Feeding_Offspring,6,60,1545,1,5875.21,5875.21,1,1,1,F,2,CN,167,TRUE,1,0,3
5779,BrM,1,7968,2630,16/08/2018,8,2018,11:19,Feeding_Offspring,18,60,2746,58,14080.49,14080.49,1,1,1,F,1,CN,167,TRUE,0,0,2
6554,BrF,0,7968,2630,16/08/2018,8,2018,11:19,Feeding_Offspring,7,60,1055,58,14080.49,14080.49,1,1,1,F,1,CN,167,TRUE,0,0,2
4861,BrF,0,8007,2632,20/08/2018,8,2018,15:21,Feeding_Offspring,10,60,4420,159,4615.71,4615.71,1,1,0,F,1,CN,167,TRUE,2,0,4
5583,BrM,1,8007,2632,20/08/2018,8,2018,15:21,Feeding_Offspring,1,60,2842,159,4615.71,4615.71,1,1,0,F,1,CN,167,TRUE,2,0,4
6022,BrF,0,7970,2633,24/08/2018,8,2018,08:45,Feeding_Offspring,3,60,2222,126,30405.1,30405.1,1,1,1,F,3,CN,167,TRUE,1,0,3
6708,BrM,1,7970,2633,24/08/2018,8,2018,08:45,Feeding_Offspring,1,60,678,126,30405.1,30405.1,1,1,1,F,3,CN,167,TRUE,1,0,3
6011,BrM,1,7961,2634,18/08/2018,8,2018,09:14,Feeding_Offspring,9,60,2109,43,11059.07,11059.07,2,2,2,F,2,CN,167,TRUE,2,0,4
6211,BrF,0,7961,2634,18/08/2018,8,2018,09:14,Feeding_Offspring,14,60,1560,43,11059.07,11059.07,2,2,2,F,2,CN,167,TRUE,2,0,4
5630,BrF,0,8027,2635,20/08/2018,8,2018,14:57,Feeding_Offspring,8,60,2698,24,6386.19,6386.19,1,1,1,F,1,CN,167,TRUE,1,0,3
6698,BrM,1,8027,2635,20/08/2018,8,2018,14:57,Feeding_Offspring,2,60,687,24,6386.19,6386.19,1,1,1,F,1,CN,167,TRUE,1,0,3
6274,BrF,0,8016,2637,04/09/2018,9,2018,09:15,Feeding_Offspring,6,60,1508,48,9034.36,9034.36,1,1,0,FI,1,CN,167,TRUE,2,0,4
5547,BrM,1,7992,2639,18/08/2018,8,2018,09:02,Feeding_Offspring,9,60,2926,100,4398.15,4398.15,1,1,1,F,2,CN,167,TRUE,0,1,3
6061,BrF,0,7992,2639,18/08/2018,8,2018,09:02,Feeding_Offspring,7,60,2026,100,4398.15,4398.15,1,1,1,F,2,CN,167,TRUE,0,1,3
4861,BrF,0,8007,2641,27/08/2018,8,2018,15:00,Feeding_Offspring,9,60,4427,159,4615.71,4615.71,1,1,0,F,1,CN,167,TRUE,2,0,4
5583,BrM,1,8007,2641,27/08/2018,8,2018,15:00,Feeding_Offspring,1,60,2849,159,4615.71,4615.71,1,1,0,F,1,CN,167,TRUE,2,0,4
5545,BrF,0,8184,2674,20/07/2019,7,2019,07:49,Feeding_Offspring,2,60,3273,177,66132.97,66132.97,1,1,,FI,1,CN,173,TRUE,0,0,2
6565,BrM,1,8184,2674,20/07/2019,7,2019,07:49,Feeding_Offspring,5,60,1612,177,66132.97,66132.97,1,1,,FI,1,CN,173,TRUE,0,0,2
6144,BrM,1,8186,2675,01/08/2019,8,2019,14:26,Feeding_Offspring,7,40,1987,1,7952.59,7952.59,1,1,,FI,1,CN,173,TRUE,1,0,3
6215,BrF,0,8186,2675,01/08/2019,8,2019,14:26,Feeding_Offspring,8,40,1897,1,7952.59,7952.59,1,1,,FI,1,CN,173,TRUE,1,0,3
6144,BrM,1,8186,2678,29/07/2019,7,2019,08:45,Feeding_Offspring,5,60,1984,1,7952.59,7952.59,1,1,,FI,1,CN,173,TRUE,1,0,3
6215,BrF,0,8186,2678,29/07/2019,7,2019,08:45,Feeding_Offspring,4,60,1894,1,7952.59,7952.59,1,1,,FI,1,CN,173,TRUE,1,0,3
6187,BrF,0,8195,2679,12/08/2019,8,2019,15:01,Feeding_Offspring,1,60,1965,64,7048.62,7048.62,1,1,1,F,1,CN,173,TRUE,1,0,3
5901,BrF,0,8189,2680,13/08/2019,8,2019,08:32,Feeding_Offspring,9,90,2625,63,10711.13,10711.13,1,1,0,F,1,CN,173,TRUE,2,1,5
6144,BrM,1,8186,2681,04/09/2019,9,2019,14:28,Feeding_Offspring,7,60,2021,1,7952.59,7952.59,1,1,,F,1,CN,173,TRUE,1,0,3
6215,BrF,0,8186,2681,04/09/2019,9,2019,14:28,Feeding_Offspring,14,60,1931,1,7952.59,7952.59,1,1,,F,1,CN,173,TRUE,1,0,3
5901,BrF,0,8189,2682,17/08/2019,8,2019,08:01,Feeding_Offspring,7,60,2629,63,10711.13,10711.13,1,1,0,F,1,CN,173,TRUE,2,1,5
6019,BrM,1,8189,2682,17/08/2019,8,2019,08:01,Feeding_Offspring,1,60,2456,63,10711.13,10711.13,1,1,0,F,1,CN,173,TRUE,2,1,5
6187,BrF,0,8195,2683,11/08/2019,8,2019,15:08,Feeding_Offspring,7,60,1964,64,7048.62,7048.62,1,1,1,F,1,CN,173,TRUE,1,0,3
6261,BrM,1,8195,2683,11/08/2019,8,2019,15:08,Feeding_Offspring,7,60,1840,64,7048.62,7048.62,1,1,1,F,1,CN,173,TRUE,1,0,3
6199,BrF,0,8211,2686,01/09/2019,9,2019,09:45,Feeding_Offspring,2,60,1849,16,9720.56,9720.56,1,1,1,FI,1,CN,173,TRUE,0,0,2
6570,BrM,1,8211,2686,01/09/2019,9,2019,09:45,Feeding_Offspring,4,60,1422,16,9720.56,9720.56,1,1,1,FI,1,CN,173,TRUE,0,0,2
6185,BrF,0,8193,2690,07/08/2019,8,2019,10:45,Feeding_Offspring,13,60,1961,98,36252.7,36252.7,1,1,1,F,1,CN,173,TRUE,0,0,2
6710,BrM,1,8193,2690,07/08/2019,8,2019,10:45,Feeding_Offspring,4,60,1027,98,36252.7,36252.7,1,1,1,F,1,CN,173,TRUE,0,0,2
6645,BrM,1,8202,2692,26/08/2019,8,2019,08:07,Feeding_Offspring,5,60,1277,12,9339.11,9339.11,1,1,0,FI,1,CN,173,TRUE,1,0,3
6700,BrF,0,8202,2692,26/08/2019,8,2019,08:07,Feeding_Offspring,3,60,1062,12,9339.11,9339.11,1,1,0,FI,1,CN,173,TRUE,1,0,3
1762,BrM,1,8199,2697,07/09/2019,9,2019,13:38,Feeding_Offspring,3,60,6176,15,11573.2,11573.2,1,1,1,FI,1,CN,173,TRUE,1,0,3
5657,BrF,0,8199,2697,07/09/2019,9,2019,13:38,Feeding_Offspring,2,60,2937,15,11573.2,11573.2,1,1,1,FI,1,CN,173,TRUE,1,0,3
5823,BrF,0,8187,2699,14/09/2019,9,2019,09:40,Feeding_Offspring,6,60,2749,617,30085.92,30085.92,1,1,,F,1,CN,173,TRUE,0,0,2
6706,BrM,1,8187,2699,14/09/2019,9,2019,09:40,Feeding_Offspring,15,60,1071,617,30085.92,30085.92,1,1,,F,1,CN,173,TRUE,0,0,2
6843,BrF,0,8230,2700,16/09/2019,9,2019,15:45,Feeding_Offspring,14,60,708,95,45657.08,45657.08,1,1,,F,1,CN,173,TRUE,0,1,3
7110,BrM,0,8230,2700,16/09/2019,9,2019,15:45,Feeding_Offspring,6,60,366,95,45657.08,45657.08,1,1,,F,1,CN,173,TRUE,0,1,3
1762,BrM,1,8199,2701,16/09/2019,9,2019,13:30,Feeding_Offspring,1,60,6185,15,11573.2,11573.2,1,1,1,F,1,CN,173,TRUE,1,0,3
5657,BrF,0,8199,2701,16/09/2019,9,2019,13:30,Feeding_Offspring,9,60,2946,15,11573.2,11573.2,1,1,1,F,1,CN,173,TRUE,1,0,3
6563,BrM,1,8220,2702,17/09/2019,9,2019,10:42,Feeding_Offspring,9,60,1362,746,20844.97,20844.97,1,1,1,F,1,CN,173,TRUE,1,1,4
5513,BrM,1,8231,2704,14/08/2019,8,2019,07:57,Feeding_Offspring,3,60,3561,47,22999.13,22999.13,1,1,1,F,1,CN,173,TRUE,2,0,4
7100,BrF,0,8231,2704,14/08/2019,8,2019,07:57,Feeding_Offspring,2,60,409,47,22999.13,22999.13,1,1,1,F,1,CN,173,TRUE,2,0,4